2016/05/28,11:06:08,25.289,39.569,1014.904,23.298,43,46,29,11
2016/05/28,11:07:08,25.299,39.569,1014.877,23.310,43,47,29,11
2016/05/28,11:07:49,25.299,39.575,1014.856,23.319,43,51,33,12
2016/05/28,11:08:50,25.319,39.575,1014.813,23.331,40,48,34,12
2016/05/28,11:09:50,25.329,39.594,1014.847,23.348,41,49,35,13
2016/05/28,11:10:50,25.329,39.594,1014.799,23.360,44,51,31,11
2016/05/28,11:11:51,25.339,39.600,1014.816,23.375,40,44,31,12
2016/05/28,11:12:51,25.370,39.618,1014.674,23.390,44,51,31,12
2016/05/28,11:13:51,25.380,39.624,1014.626,23.402,40,47,33,13
2016/05/28,11:14:52,25.380,39.624,1014.594,23.413,44,48,29,12
2016/05/28,11:15:52,25.380,39.642,1014.582,23.425,42,45,31,13
2016/05/28,11:16:52,25.390,39.642,1014.646,23.433,40,45,32,12
2016/05/28,11:17:53,25.420,39.648,1014.634,23.450,45,53,34,12
2016/05/28,11:18:53,25.420,39.648,1014.622,23.460,43,45,31,13
2016/05/28,11:19:53,25.440,39.661,1014.715,23.475,47,48,31,13
2016/05/28,11:20:54,25.450,39.667,1014.664,23.494,44,52,32,12
2016/05/28,11:21:54,25.450,39.679,1014.700,23.500,43,46,32,13
2016/05/28,11:22:54,25.480,39.685,1014.596,23.510,45,48,33,14
2016/05/28,11:23:55,25.490,39.685,1014.583,23.519,44,46,30,13
2016/05/28,11:24:55,25.490,39.703,1014.695,23.546,45,51,32,12
2016/05/28,11:25:55,25.511,39.703,1014.648,23.560,45,52,32,12
2016/05/28,11:26:56,25.521,39.709,1014.603,23.569,44,53,33,14
2016/05/28,11:27:56,25.541,39.722,1014.619,23.579,42,51,34,12
2016/05/28,11:28:56,25.541,39.734,1014.572,23.583,44,52,32,12
2016/05/28,11:29:57,25.541,39.734,1014.638,23.602,46,49,30,13
2016/05/28,11:30:57,25.561,39.734,1014.603,23.606,45,50,30,12
2016/05/28,11:31:57,25.561,39.740,1014.549,23.619,45,53,33,12
2016/05/28,11:32:58,25.571,39.740,1014.580,23.629,42,49,31,13
2016/05/28,11:33:58,25.591,39.752,1014.512,23.633,40,48,34,13
2016/05/28,11:34:58,25.591,39.758,1014.497,23.646,46,53,33,13
2016/05/28,11:35:59,25.621,39.758,1014.469,23.654,44,51,30,12
2016/05/28,11:36:59,25.621,39.771,1014.471,23.660,40,48,34,12
2016/05/28,11:37:59,25.621,39.777,1014.385,23.675,44,48,29,11
2016/05/28,11:39:00,25.631,39.777,1014.412,23.685,39,44,32,12
2016/05/28,11:40:00,25.641,39.777,1014.463,23.698,44,48,29,12
2016/05/28,11:41:00,25.631,39.783,1014.377,23.702,48,54,38,16
2016/05/28,11:42:01,25.662,39.795,1014.471,23.723,44,53,34,13
2016/05/28,11:43:01,25.672,39.783,1014.377,23.727,43,45,31,13
2016/05/28,11:44:01,25.672,39.801,1014.284,23.727,43,51,35,13
2016/05/28,11:45:02,25.692,39.801,1014.346,23.731,37,45,32,12
2016/05/28,11:46:02,25.692,39.813,1014.283,23.735,44,49,30,12
2016/05/28,11:47:03,25.692,39.813,1014.354,23.748,41,51,32,11
2016/05/28,11:48:03,25.702,39.819,1014.292,23.760,43,46,29,11
2016/05/28,11:49:03,25.692,39.825,1014.259,23.760,38,44,32,12
2016/05/28,11:50:04,25.702,39.819,1014.446,23.762,41,50,33,12
2016/05/28,11:51:04,25.712,39.825,1014.324,23.777,48,55,36,14
2016/05/28,11:52:04,25.702,39.819,1014.327,23.767,42,49,30,11
2016/05/28,11:53:05,25.712,39.825,1014.201,23.777,44,48,29,12
2016/05/28,11:54:05,25.702,39.813,1014.223,23.756,38,42,29,11
2016/05/28,11:55:05,25.702,39.825,1014.153,23.775,44,51,31,11
2016/05/28,11:56:06,25.702,39.825,1014.204,23.769,43,50,31,12
2016/05/28,11:57:06,25.712,39.819,1014.148,23.773,41,43,29,12
2016/05/28,11:58:06,25.712,39.825,1014.104,23.773,37,46,32,12
2016/05/28,11:59:07,25.712,39.825,1014.019,23.781,36,46,28,10
2016/05/28,12:00:07,25.712,39.825,1014.090,23.783,39,44,26,9
2016/05/28,12:01:07,25.702,39.825,1014.085,23.775,39,42,26,10
2016/05/28,12:02:08,25.702,39.819,1014.125,23.777,35,43,30,11
2016/05/28,12:03:08,25.702,39.825,1014.145,23.781,37,47,30,11
2016/05/28,12:04:08,25.702,39.825,1014.123,23.777,41,49,32,11
2016/05/28,12:05:09,25.712,39.825,1014.137,23.781,40,42,28,12
2016/05/28,12:06:09,25.712,39.825,1014.081,23.783,38,45,32,12
2016/05/28,12:07:09,25.712,39.825,1014.031,23.785,43,51,31,11
2016/05/28,12:08:10,25.742,39.844,1013.997,23.802,41,44,31,13
2016/05/28,12:09:10,25.752,39.856,1013.988,23.815,42,44,30,12
2016/05/28,12:10:10,25.782,39.856,1014.017,23.831,44,46,29,12
2016/05/28,12:11:11,25.782,39.874,1013.988,23.848,41,51,32,11
2016/05/28,12:12:11,25.793,39.893,1014.011,23.873,37,43,31,12
2016/05/28,12:13:11,25.813,39.893,1013.926,23.881,39,48,32,11
2016/05/28,12:14:12,25.843,39.893,1013.940,23.900,43,45,28,11
2016/05/28,12:15:12,25.853,39.905,1013.972,23.906,41,49,34,12
2016/05/28,12:16:12,25.853,39.917,1014.012,23.913,44,53,34,13
2016/05/28,12:17:13,25.853,39.917,1013.977,23.929,51,56,35,14
2016/05/28,12:18:13,25.863,39.917,1013.876,23.942,43,51,35,13
2016/05/28,12:19:13,25.893,39.929,1013.863,23.954,42,50,32,12
2016/05/28,12:20:14,25.893,39.948,1013.900,23.973,39,44,31,12
2016/05/28,12:21:14,25.913,39.935,1013.851,23.971,45,50,31,12
2016/05/28,12:22:14,25.913,39.948,1013.855,23.985,45,48,29,12
2016/05/28,12:23:15,25.913,39.948,1013.910,23.992,38,45,32,12
2016/05/28,12:24:15,25.934,39.960,1013.876,24.000,42,50,32,13
2016/05/28,12:25:15,25.934,39.960,1013.874,24.010,41,45,27,10
2016/05/28,12:26:16,25.944,39.966,1013.900,24.012,41,44,31,12
2016/05/28,12:27:16,25.934,39.966,1013.899,24.021,44,45,30,13
2016/05/28,12:28:16,25.944,39.966,1013.875,24.029,39,46,33,12
2016/05/28,12:29:17,25.964,39.978,1013.865,24.035,47,54,35,13
2016/05/28,12:30:17,25.974,39.996,1013.851,24.050,43,47,34,13
2016/05/28,12:31:18,25.994,39.996,1013.903,24.065,48,54,33,13
2016/05/28,12:32:18,26.004,39.996,1013.877,24.085,47,49,33,14
2016/05/28,12:33:18,26.004,40.009,1013.867,24.096,49,56,36,14
2016/05/28,12:34:19,26.014,40.009,1013.741,24.094,48,51,35,14
2016/05/28,12:35:19,26.044,40.021,1013.695,24.119,45,52,32,12
2016/05/28,12:36:19,26.034,40.021,1013.619,24.123,39,49,32,11
2016/05/28,12:37:19,26.034,40.027,1013.600,24.121,41,46,28,11
2016/05/28,12:38:20,26.044,40.027,1013.722,24.140,39,49,32,11
2016/05/28,12:39:20,26.034,40.039,1013.711,24.133,44,50,31,12
2016/05/28,12:40:21,26.064,40.045,1013.589,24.144,40,48,33,12
2016/05/28,12:41:21,26.064,40.039,1013.555,24.140,42,51,31,11
2016/05/28,12:42:21,26.044,40.039,1013.615,24.150,37,41,29,12
2016/05/28,12:43:22,26.075,40.045,1013.536,24.160,41,50,33,12
2016/05/28,12:44:22,26.095,40.045,1013.583,24.173,43,45,32,12
2016/05/28,12:45:22,26.095,40.057,1013.615,24.179,46,47,31,13
2016/05/28,12:46:23,26.095,40.057,1013.639,24.181,42,46,27,10
2016/05/28,12:47:23,26.095,40.070,1013.612,24.188,36,43,31,11
2016/05/28,12:48:23,26.115,40.057,1013.681,24.185,43,48,28,11
2016/05/28,12:49:24,26.125,40.076,1013.609,24.208,48,54,32,13
2016/05/28,12:50:24,26.125,40.076,1013.597,24.221,45,46,32,13
2016/05/28,12:51:24,26.125,40.076,1013.572,24.217,45,52,36,14
2016/05/28,12:52:25,26.125,40.088,1013.521,24.223,46,49,34,15
2016/05/28,12:53:25,26.155,40.094,1013.414,24.240,46,52,37,16
2016/05/28,12:54:25,26.165,40.094,1013.408,24.250,46,54,33,13
2016/05/28,12:55:26,26.165,40.100,1013.483,24.260,43,52,33,12
2016/05/28,12:56:26,26.155,40.094,1013.357,24.265,40,44,31,12
2016/05/28,12:57:26,26.185,40.112,1013.316,24.271,39,45,32,12
2016/05/28,12:58:27,26.165,40.100,1013.476,24.267,41,44,30,12
2016/05/28,12:59:27,26.195,40.112,1013.393,24.279,38,44,32,12
2016/05/28,13:00:27,26.195,40.112,1013.518,24.288,42,51,33,12
2016/05/28,13:01:28,26.185,40.112,1013.480,24.279,38,48,32,11
2016/05/28,13:02:28,26.185,40.118,1013.386,24.288,38,42,28,11
2016/05/28,13:03:28,26.195,40.118,1013.384,24.281,41,50,30,10
2016/05/28,13:04:29,26.195,40.118,1013.402,24.298,42,45,28,11
2016/05/28,13:05:29,26.195,40.131,1013.373,24.304,39,49,31,10
2016/05/28,13:06:29,26.216,40.131,1013.476,24.308,39,48,30,10
2016/05/28,13:07:30,26.216,40.131,1013.414,24.312,35,42,30,11
2016/05/28,13:08:30,26.195,40.131,1013.426,24.302,35,40,28,10
2016/05/28,13:09:30,26.216,40.131,1013.511,24.304,38,47,28,10
2016/05/28,13:10:31,26.195,40.118,1013.422,24.308,36,40,27,10
2016/05/28,13:11:31,26.216,40.131,1013.343,24.315,38,47,29,9
2016/05/28,13:12:31,26.216,40.118,1013.356,24.310,37,43,25,9
2016/05/28,13:13:32,26.195,40.131,1013.273,24.298,32,38,27,9
2016/05/28,13:14:32,26.216,40.118,1013.144,24.298,36,46,29,9
2016/05/28,13:15:32,26.195,40.118,1013.159,24.290,38,42,26,9
2016/05/28,13:16:33,26.195,40.118,1013.173,24.290,38,44,26,9
2016/05/28,13:17:33,26.195,40.118,1013.132,24.288,35,45,30,9
2016/05/28,13:18:33,26.195,40.118,1013.178,24.288,34,44,30,9
2016/05/28,13:19:34,26.195,40.131,1013.140,24.302,37,46,29,9
2016/05/28,13:20:34,26.195,40.118,1013.258,24.285,34,39,26,9
2016/05/28,13:21:35,26.195,40.118,1013.096,24.290,34,39,25,9
2016/05/28,13:22:35,26.216,40.112,1013.068,24.283,37,44,26,9
2016/05/28,13:23:35,26.216,40.112,1013.008,24.292,37,46,28,10
2016/05/28,13:24:36,26.195,40.118,1013.090,24.281,35,45,28,8
2016/05/28,13:25:36,26.185,40.112,1013.123,24.277,34,38,24,9
2016/05/28,13:26:36,26.185,40.112,1013.022,24.279,35,42,25,8
2016/05/28,13:27:37,26.165,40.112,1012.975,24.271,35,41,28,8
2016/05/28,13:28:37,26.185,40.112,1012.991,24.283,35,39,24,8
2016/05/28,13:29:37,26.185,40.118,1013.031,24.275,33,38,24,8
2016/05/28,13:30:38,26.185,40.112,1012.914,24.275,32,37,25,9
2016/05/28,13:31:38,26.165,40.112,1012.949,24.269,34,45,27,8
2016/05/28,13:32:38,26.165,40.100,1012.955,24.265,35,42,25,7
2016/05/28,13:33:39,26.165,40.100,1012.966,24.265,33,44,26,8
2016/05/28,13:34:39,26.185,40.112,1012.914,24.267,30,36,25,8
2016/05/28,13:35:39,26.165,40.100,1012.975,24.256,33,37,23,8
2016/05/28,13:36:40,26.165,40.100,1012.890,24.256,34,41,24,7
2016/05/28,13:37:40,26.165,40.094,1012.978,24.252,28,38,27,9
2016/05/28,13:38:40,26.165,40.094,1012.949,24.248,34,42,24,7
2016/05/28,13:39:41,26.155,40.100,1012.903,24.252,28,39,27,8
2016/05/28,13:40:41,26.165,40.094,1012.946,24.244,32,37,23,7
2016/05/28,13:41:41,26.165,40.094,1012.941,24.246,31,36,25,8
2016/05/28,13:42:42,26.155,40.094,1013.019,24.233,34,37,24,9
2016/05/28,13:43:42,26.145,40.088,1013.031,24.231,34,45,29,9
2016/05/28,13:44:42,26.145,40.088,1013.143,24.229,35,39,26,8
2016/05/28,13:45:43,26.145,40.094,1013.024,24.233,33,42,30,10
2016/05/28,13:46:43,26.155,40.094,1013.107,24.238,37,47,29,9
2016/05/28,13:47:43,26.155,40.094,1013.103,24.240,37,47,29,10
2016/05/28,13:48:44,26.155,40.094,1013.146,24.235,34,39,27,10
2016/05/28,13:49:44,26.155,40.094,1013.158,24.240,33,43,30,9
2016/05/28,13:50:44,26.165,40.094,1013.068,24.250,33,38,26,10
2016/05/28,13:51:45,26.155,40.094,1013.105,24.248,33,43,29,9
2016/05/28,13:52:45,26.165,40.088,1013.113,24.229,33,37,25,8
2016/05/28,13:53:45,26.155,40.088,1013.000,24.231,32,44,29,8
2016/05/28,13:54:46,26.145,40.088,1013.052,24.242,30,39,28,9
2016/05/28,13:55:46,26.165,40.094,1013.001,24.233,32,44,28,8
2016/05/28,13:56:46,26.145,40.088,1013.052,24.231,30,37,25,9
2016/05/28,13:57:47,26.155,40.094,1013.083,24.238,33,44,29,9
2016/05/28,13:58:47,26.155,40.094,1013.104,24.238,31,42,29,9
2016/05/28,13:59:47,26.155,40.094,1012.973,24.231,33,37,25,9
2016/05/28,14:00:48,26.155,40.094,1013.002,24.233,32,37,26,9
2016/05/28,14:01:48,26.155,40.094,1013.012,24.231,33,44,28,8
2016/05/28,14:02:48,26.165,40.100,1013.073,24.240,35,44,26,7
2016/05/28,14:03:49,26.185,40.094,1013.054,24.244,31,41,29,9
2016/05/28,14:04:49,26.155,40.094,1013.036,24.235,31,42,29,9
2016/05/28,14:05:49,26.155,40.100,1013.050,24.240,34,44,27,8
2016/05/28,14:06:50,26.155,40.094,1013.017,24.238,30,40,28,8
2016/05/28,14:07:50,26.155,40.094,1012.995,24.240,29,40,27,8
2016/05/28,14:08:50,26.155,40.094,1013.094,24.242,31,36,23,7
2016/05/28,14:09:51,26.155,40.094,1013.081,24.235,32,36,23,8
2016/05/28,14:10:51,26.155,40.094,1013.012,24.229,28,36,25,8
2016/05/28,14:11:51,26.145,40.088,1012.999,24.219,32,41,24,6
2016/05/28,14:12:52,26.145,40.088,1012.911,24.217,31,38,22,6
2016/05/28,14:13:52,26.125,40.088,1013.052,24.215,31,41,24,6
2016/05/28,14:14:52,26.125,40.076,1013.089,24.208,27,39,27,8
2016/05/28,14:15:53,26.145,40.088,1013.055,24.215,30,35,23,7
2016/05/28,14:16:53,26.125,40.076,1013.032,24.202,30,42,24,6
2016/05/28,14:17:54,26.125,40.076,1012.974,24.202,32,41,23,7
2016/05/28,14:18:54,26.115,40.076,1013.010,24.200,28,41,27,8
2016/05/28,14:19:54,26.125,40.076,1012.938,24.200,30,35,21,6
2016/05/28,14:20:55,26.125,40.076,1013.106,24.194,28,40,27,7
2016/05/28,14:21:55,26.125,40.070,1013.207,24.188,29,34,22,7
2016/05/28,14:22:55,26.095,40.057,1013.218,24.183,28,34,23,6
2016/05/28,14:23:56,26.115,40.057,1013.159,24.181,27,39,26,7
2016/05/28,14:24:56,26.115,40.057,1013.185,24.192,31,39,22,6
2016/05/28,14:25:56,26.115,40.057,1013.170,24.183,26,35,24,7
2016/05/28,14:26:57,26.095,40.070,1013.069,24.188,26,38,26,7
2016/05/28,14:27:57,26.095,40.070,1013.071,24.175,29,34,23,7
2016/05/28,14:28:57,26.115,40.070,1013.156,24.179,27,39,27,7
2016/05/28,14:29:58,26.115,40.070,1013.223,24.185,30,42,26,8
2016/05/28,14:30:58,26.095,40.070,1013.466,24.173,29,35,24,7
2016/05/28,14:31:58,26.095,40.057,1013.314,24.183,32,37,22,6
2016/05/28,14:32:59,26.095,40.057,1013.260,24.171,32,43,26,7
2016/05/28,14:33:59,26.095,40.057,1013.270,24.169,31,42,26,7
2016/05/28,14:34:59,26.095,40.057,1013.264,24.175,31,42,26,7
2016/05/28,14:36:00,26.064,40.057,1013.231,24.165,28,35,24,7
2016/05/28,14:37:00,26.095,40.045,1013.280,24.171,32,39,22,7
2016/05/28,14:38:00,26.075,40.045,1013.227,24.167,30,36,23,7
2016/05/28,14:39:01,26.075,40.045,1013.270,24.158,28,39,27,7
2016/05/28,14:40:01,26.095,40.045,1013.294,24.160,31,38,21,6
2016/05/28,14:41:01,26.075,40.045,1013.267,24.156,27,35,24,7
2016/05/28,14:42:02,26.075,40.045,1013.216,24.154,30,42,26,6
2016/05/28,14:43:02,26.064,40.045,1013.198,24.146,31,41,24,7
2016/05/28,14:44:02,26.075,40.045,1013.204,24.146,31,37,22,6
2016/05/28,14:45:03,26.064,40.027,1013.229,24.127,28,40,27,7
2016/05/28,14:46:03,26.064,40.039,1013.254,24.133,28,40,26,6
2016/05/28,14:47:03,26.044,40.039,1013.258,24.137,30,40,26,7
2016/05/28,14:48:04,26.044,40.027,1013.115,24.137,28,33,21,7
2016/05/28,14:49:04,26.064,40.039,1013.099,24.121,25,33,23,6
2016/05/28,14:50:04,26.044,40.027,1013.076,24.123,28,40,24,5
2016/05/28,14:51:05,26.044,40.027,1013.055,24.125,29,35,21,5
2016/05/28,14:52:05,26.044,40.039,1013.098,24.121,29,36,20,6
2016/05/28,14:53:05,26.044,40.039,1013.098,24.123,26,38,26,6
2016/05/28,14:54:06,26.044,40.027,1013.161,24.123,29,35,24,6
2016/05/28,14:55:06,26.044,40.027,1013.105,24.119,29,38,26,6
2016/05/28,14:56:06,26.044,40.027,1013.163,24.121,29,39,23,6
2016/05/28,14:57:07,26.044,40.027,1013.165,24.113,27,39,25,6
2016/05/28,14:58:07,26.034,40.027,1013.096,24.115,26,37,25,6
2016/05/28,14:59:07,26.044,40.021,1013.035,24.104,30,39,22,5
2016/05/28,15:00:08,26.044,40.021,1013.146,24.115,25,34,24,6
2016/05/28,15:01:08,26.034,40.021,1013.142,24.108,28,40,25,6
2016/05/28,15:02:08,26.014,40.021,1013.041,24.108,25,35,24,6
2016/05/28,15:03:09,26.034,40.021,1012.994,24.106,30,41,24,6
2016/05/28,15:04:09,26.014,40.009,1012.952,24.100,29,40,24,6
2016/05/28,15:05:09,26.014,40.021,1013.062,24.096,31,41,23,6
2016/05/28,15:06:10,26.044,40.027,1013.118,24.094,30,37,22,6
2016/05/28,15:07:10,26.044,40.021,1013.080,24.096,31,40,23,7
2016/05/28,15:08:10,26.014,40.009,1013.028,24.079,29,34,23,7
2016/05/28,15:09:11,26.034,40.009,1013.068,24.090,31,39,23,6
2016/05/28,15:10:11,26.034,40.009,1013.043,24.090,30,41,25,6
2016/05/28,15:11:11,26.014,40.009,1013.069,24.083,27,38,26,7
2016/05/28,15:12:12,26.004,40.009,1013.026,24.094,28,34,23,7
2016/05/28,15:13:12,26.004,40.002,1013.063,24.079,7,5,4,3
2016/05/28,15:14:13,25.994,39.996,1013.087,24.065,7,6,4,3
2016/05/28,15:15:13,25.994,39.984,1013.118,24.058,7,6,4,3
2016/05/28,15:16:13,25.964,39.984,1013.136,24.035,7,5,4,3
2016/05/28,15:17:14,25.974,39.978,1013.100,24.031,7,5,4,3
2016/05/28,15:18:14,25.964,39.978,1013.125,24.021,7,5,4,3
2016/05/28,15:19:14,25.934,39.960,1013.091,23.990,7,5,4,3
2016/05/28,15:20:15,25.944,39.960,1013.047,23.998,7,5,3,3
2016/05/28,15:21:15,25.934,39.960,1013.038,23.983,6,5,4,2
2016/05/28,15:22:15,25.934,39.960,1013.036,23.971,6,5,4,3
2016/05/28,15:23:16,25.893,39.935,1012.965,23.958,7,5,4,3
2016/05/28,15:24:16,25.883,39.935,1012.923,23.950,7,5,4,3
2016/05/28,15:25:16,25.883,39.929,1012.870,23.938,7,6,5,3
2016/05/28,15:26:17,25.883,39.917,1012.875,23.921,8,6,4,3
2016/05/28,15:27:17,25.863,39.917,1012.866,23.919,8,6,4,3
2016/05/28,15:28:17,25.863,39.917,1012.813,23.915,8,6,4,3
2016/05/28,15:29:18,25.853,39.911,1012.771,23.902,8,6,4,3
2016/05/28,15:30:18,25.853,39.911,1012.623,23.906,8,6,4,3
2016/05/28,15:31:18,25.843,39.905,1012.683,23.894,7,5,4,3
2016/05/28,15:32:19,25.823,39.905,1012.665,23.890,7,5,4,3
2016/05/28,15:33:19,25.823,39.905,1012.642,23.879,8,6,4,3
2016/05/28,15:34:19,25.843,39.911,1012.614,23.885,7,6,4,3
2016/05/28,15:35:20,25.823,39.893,1012.620,23.875,7,5,4,4
2016/05/28,15:36:20,25.823,39.905,1012.713,23.875,7,6,4,3
2016/05/28,15:37:20,25.813,39.893,1012.694,23.869,8,6,5,4
2016/05/28,15:38:21,25.823,39.886,1012.642,23.858,8,5,4,3
2016/05/28,15:39:21,25.793,39.874,1012.674,23.852,8,5,4,3
2016/05/28,15:40:21,25.813,39.886,1012.552,23.846,7,5,4,4
2016/05/28,15:41:22,25.793,39.874,1012.520,23.842,7,5,3,3
2016/05/28,15:42:22,25.793,39.874,1012.600,23.854,7,5,4,3
2016/05/28,15:43:22,25.782,39.868,1012.576,23.825,7,5,4,3
2016/05/28,15:44:23,25.793,39.874,1012.562,23.835,7,5,4,3
2016/05/28,15:45:23,25.782,39.856,1012.627,23.823,8,6,4,4
2016/05/28,15:46:23,25.762,39.868,1012.565,23.819,8,5,4,4
2016/05/28,15:47:24,25.752,39.850,1012.549,23.810,7,6,4,3
2016/05/28,15:48:24,25.752,39.850,1012.611,23.802,8,6,4,4
2016/05/28,15:49:25,25.762,39.850,1012.500,23.804,8,6,5,4
2016/05/28,15:50:25,25.752,39.856,1012.542,23.804,8,6,5,4
2016/05/28,15:51:25,25.752,39.868,1012.499,23.800,7,6,5,4
2016/05/28,15:52:26,25.752,39.850,1012.392,23.785,7,6,5,4
2016/05/28,15:53:26,25.742,39.844,1012.331,23.785,8,6,5,4
2016/05/28,15:54:26,25.712,39.844,1012.346,23.777,8,5,4,3
2016/05/28,15:55:27,25.742,39.844,1012.328,23.779,7,6,4,3
2016/05/28,15:56:27,25.742,39.844,1012.347,23.771,7,6,4,3
2016/05/28,15:57:27,25.712,39.844,1012.405,23.767,8,6,4,3
2016/05/28,15:58:28,25.702,39.819,1012.438,23.760,8,6,5,4
2016/05/28,15:59:28,25.702,39.819,1012.384,23.750,8,6,4,3
2016/05/28,16:00:28,25.712,39.819,1012.363,23.752,9,6,4,4
2016/05/28,16:01:29,25.712,39.825,1012.386,23.754,8,7,5,4
2016/05/28,16:02:29,25.702,39.819,1012.349,23.756,8,7,5,4
2016/05/28,16:03:29,25.702,39.819,1012.359,23.748,8,6,5,4
2016/05/28,16:04:30,25.692,39.813,1012.353,23.746,7,6,5,3
2016/05/28,16:05:30,25.692,39.819,1012.434,23.735,8,6,5,4
2016/05/28,16:06:30,25.692,39.813,1012.361,23.738,7,5,4,4
2016/05/28,16:07:31,25.672,39.813,1012.370,23.727,6,5,3,3
2016/05/28,16:08:31,25.672,39.801,1012.354,23.717,6,5,4,3
2016/05/28,16:09:31,25.672,39.801,1012.417,23.729,6,5,3,2
2016/05/28,16:10:32,25.662,39.801,1012.449,23.717,6,4,3,3
2016/05/28,16:11:32,25.662,39.801,1012.500,23.719,6,4,3,3
2016/05/28,16:12:32,25.672,39.801,1012.479,23.702,6,4,4,2
2016/05/28,16:13:33,25.641,39.783,1012.380,23.694,6,4,3,3
2016/05/28,16:14:33,25.641,39.795,1012.297,23.688,5,4,3,2
2016/05/28,16:15:33,25.662,39.783,1012.310,23.696,5,4,3,3
2016/05/28,16:16:34,25.641,39.783,1012.263,23.690,6,5,4,3
2016/05/28,16:17:34,25.641,39.783,1012.292,23.673,5,4,3,3
2016/05/28,16:18:34,25.631,39.777,1012.291,23.673,6,5,4,3
2016/05/28,16:19:35,25.631,39.777,1012.206,23.671,6,4,3,2
2016/05/28,16:20:35,25.631,39.777,1012.434,23.667,6,4,3,2
2016/05/28,16:21:35,25.621,39.777,1012.212,23.667,6,4,3,2
2016/05/28,16:22:36,25.621,39.777,1012.166,23.658,6,4,4,3
2016/05/28,16:23:36,25.631,39.758,1012.206,23.658,6,4,3,2
2016/05/28,16:24:36,25.621,39.771,1012.148,23.650,5,4,3,3
2016/05/28,16:25:37,25.631,39.771,1012.163,23.652,6,4,3,2
2016/05/28,16:26:37,25.621,39.771,1012.134,23.654,5,4,3,2
2016/05/28,16:27:37,25.621,39.758,1012.132,23.652,5,4,3,2
2016/05/28,16:28:38,25.621,39.758,1012.011,23.640,5,4,4,2
2016/05/28,16:29:38,25.591,39.758,1012.060,23.642,5,4,3,3
2016/05/28,16:30:38,25.601,39.758,1012.051,23.633,6,5,3,3
2016/05/28,16:31:39,25.591,39.752,1011.937,23.625,6,4,3,2
2016/05/28,16:32:39,25.571,39.752,1011.839,23.619,6,4,3,2
2016/05/28,16:33:39,25.571,39.740,1011.980,23.610,5,4,3,2
2016/05/28,16:34:40,25.591,39.752,1011.849,23.608,5,4,3,2
2016/05/28,16:35:40,25.571,39.740,1011.954,23.613,5,3,3,3
2016/05/28,16:36:40,25.571,39.740,1011.927,23.606,5,4,3,2
2016/05/28,16:37:41,25.561,39.740,1012.013,23.594,5,4,2,2
2016/05/28,16:38:41,25.561,39.722,1012.033,23.592,5,3,3,3
2016/05/28,16:39:41,25.561,39.734,1012.012,23.585,5,4,3,3
2016/05/28,16:40:42,25.561,39.722,1012.034,23.583,5,4,3,3
2016/05/28,16:41:42,25.541,39.722,1012.092,23.577,6,5,3,2
2016/05/28,16:42:42,25.541,39.722,1012.013,23.581,5,4,3,2
2016/05/28,16:43:43,25.521,39.734,1012.046,23.577,5,4,3,2
2016/05/28,16:44:43,25.521,39.722,1012.052,23.567,6,4,3,2
2016/05/28,16:45:43,25.521,39.703,1012.089,23.569,5,4,3,3
2016/05/28,16:46:44,25.521,39.703,1012.049,23.560,6,4,3,3
2016/05/28,16:47:44,25.511,39.703,1012.164,23.540,6,4,3,3
2016/05/28,16:48:45,25.511,39.703,1012.211,23.540,5,4,3,2
2016/05/28,16:49:45,25.511,39.691,1012.199,23.529,6,4,3,2
2016/05/28,16:50:45,25.511,39.703,1012.259,23.535,5,4,3,2
2016/05/28,16:51:46,25.490,39.691,1012.209,23.527,6,4,3,3
2016/05/28,16:52:46,25.511,39.691,1012.237,23.523,6,4,3,3
2016/05/28,16:53:46,25.490,39.703,1012.164,23.529,5,4,3,2
2016/05/28,16:54:46,25.511,39.691,1012.214,23.515,5,4,3,2
2016/05/28,16:55:47,25.490,39.685,1012.261,23.523,6,4,3,3
2016/05/28,16:56:47,25.490,39.685,1012.292,23.512,5,4,3,2
2016/05/28,16:57:47,25.480,39.691,1012.266,23.510,5,4,3,3
2016/05/28,16:58:48,25.480,39.685,1012.346,23.504,6,4,3,2
2016/05/28,16:59:48,25.480,39.685,1012.362,23.496,5,4,3,2
2016/05/28,17:00:49,25.470,39.679,1012.269,23.502,4,3,2,2
2016/05/28,17:01:49,25.470,39.685,1012.169,23.496,4,3,2,1
2016/05/28,17:02:49,25.470,39.679,1012.245,23.496,4,3,2,2
2016/05/28,17:03:50,25.450,39.667,1012.150,23.485,3,3,2,2
2016/05/28,17:04:50,25.450,39.667,1012.240,23.479,3,2,2,2
2016/05/28,17:05:50,25.450,39.661,1012.284,23.477,3,2,2,2
2016/05/28,17:06:51,25.440,39.667,1012.271,23.473,3,2,2,2
2016/05/28,17:07:51,25.450,39.661,1012.343,23.469,3,3,2,2
2016/05/28,17:08:51,25.440,39.661,1012.354,23.469,3,3,3,2
2016/05/28,17:09:52,25.440,39.648,1012.320,23.448,4,3,2,2
2016/05/28,17:10:52,25.420,39.661,1012.300,23.446,4,3,2,2
2016/05/28,17:11:52,25.410,39.648,1012.322,23.444,4,3,2,2
2016/05/28,17:12:53,25.420,39.648,1012.307,23.444,4,3,2,1
2016/05/28,17:13:53,25.420,39.642,1012.315,23.438,4,3,3,2
2016/05/28,17:14:53,25.410,39.648,1012.219,23.429,4,3,2,2
2016/05/28,17:15:54,25.390,39.630,1012.258,23.417,3,2,1,2
2016/05/28,17:16:54,25.390,39.630,1012.310,23.413,3,3,2,2
2016/05/28,17:17:54,25.390,39.624,1012.190,23.400,4,2,2,2
2016/05/28,17:18:55,25.390,39.630,1012.224,23.406,4,2,2,2
2016/05/28,17:19:55,25.380,39.624,1012.234,23.385,3,3,2,2
2016/05/28,17:20:55,25.370,39.618,1012.136,23.383,3,2,2,1
2016/05/28,17:21:56,25.370,39.618,1012.264,23.379,3,2,2,2
2016/05/28,17:22:56,25.339,39.624,1012.244,23.375,3,2,2,1
2016/05/28,17:23:56,25.339,39.618,1012.257,23.356,3,2,1,1
2016/05/28,17:24:57,25.339,39.600,1012.346,23.363,3,2,1,2
2016/05/28,17:25:57,25.339,39.600,1012.416,23.358,3,1,2,1
2016/05/28,17:26:57,25.329,39.600,1012.471,23.346,3,2,1,1
2016/05/28,17:27:58,25.329,39.587,1012.459,23.346,3,2,2,2
2016/05/28,17:28:58,25.329,39.594,1012.502,23.337,2,2,2,2
2016/05/28,17:29:58,25.319,39.587,1012.509,23.325,3,2,2,2
2016/05/28,17:30:59,25.319,39.587,1012.578,23.325,2,2,2,2
2016/05/28,17:31:59,25.319,39.587,1012.565,23.321,3,2,1,1
2016/05/28,17:32:59,25.299,39.587,1012.616,23.312,3,2,1,1
2016/05/28,17:34:00,25.319,39.575,1012.513,23.304,3,2,1,1
2016/05/28,17:35:00,25.319,39.575,1012.552,23.300,2,2,2,2
2016/05/28,17:36:00,25.299,39.575,1012.514,23.296,3,2,2,2
2016/05/28,17:37:01,25.299,39.569,1012.545,23.294,3,2,2,2
2016/05/28,17:38:01,25.289,39.569,1012.544,23.285,2,2,2,1
2016/05/28,17:39:01,25.289,39.575,1012.673,23.290,3,2,2,1
2016/05/28,17:40:02,25.289,39.557,1012.679,23.277,2,2,2,2
2016/05/28,17:41:02,25.259,39.557,1012.679,23.254,3,2,2,2
2016/05/28,17:42:02,25.269,39.557,1012.740,23.258,2,2,1,1
2016/05/28,17:43:03,25.269,39.557,1012.828,23.265,3,2,2,1
2016/05/28,17:44:03,25.259,39.551,1012.856,23.260,2,1,1,1
2016/05/28,17:45:03,25.269,39.551,1012.917,23.248,2,1,1,1
2016/05/28,17:46:04,25.239,39.551,1012.841,23.238,2,2,2,1
2016/05/28,17:47:04,25.259,39.539,1012.728,23.235,2,2,2,1
2016/05/28,17:48:04,25.239,39.539,1012.731,23.229,2,2,1,1
2016/05/28,17:49:05,25.229,39.532,1012.747,23.221,2,1,1,1
2016/05/28,17:50:05,25.229,39.532,1012.776,23.212,2,2,1,1
2016/05/28,17:51:05,25.229,39.539,1012.804,23.212,2,1,1,1
2016/05/28,17:52:06,25.239,39.532,1012.817,23.215,2,1,1,1
2016/05/28,17:53:06,25.229,39.539,1012.893,23.212,2,2,1,1
2016/05/28,17:54:06,25.219,39.532,1012.842,23.200,2,2,1,1
2016/05/28,17:55:07,25.229,39.526,1012.948,23.198,3,2,1,1
2016/05/28,17:56:07,25.219,39.526,1012.997,23.194,2,2,2,1
2016/05/28,17:57:07,25.198,39.532,1013.014,23.192,2,2,2,1
2016/05/28,17:58:08,25.219,39.526,1013.029,23.188,2,1,1,1
2016/05/28,17:59:08,25.198,39.532,1013.093,23.194,2,1,1,1
2016/05/28,18:00:08,25.219,39.526,1013.075,23.185,2,1,1,2
2016/05/28,18:01:09,25.219,39.514,1012.980,23.188,2,2,1,1
2016/05/28,18:02:09,25.198,39.514,1013.017,23.177,2,1,1,1
2016/05/28,18:03:09,25.219,39.514,1013.043,23.181,2,1,2,1
2016/05/28,18:04:10,25.198,39.514,1013.084,23.179,2,2,1,1
2016/05/28,18:05:10,25.198,39.514,1013.042,23.175,1,1,1,1
2016/05/28,18:06:10,25.188,39.508,1013.003,23.169,2,1,1,1
2016/05/28,18:07:11,25.198,39.508,1012.907,23.158,1,2,1,1
2016/05/28,18:08:11,25.168,39.508,1012.890,23.160,2,2,1,1
2016/05/28,18:09:11,25.188,39.508,1012.759,23.156,2,1,1,1
2016/05/28,18:10:12,25.188,39.508,1012.674,23.150,2,1,1,1
2016/05/28,18:11:12,25.198,39.514,1012.760,23.160,2,2,1,1
2016/05/28,18:12:12,25.188,39.496,1012.746,23.150,2,1,1,1
2016/05/28,18:13:13,25.168,39.496,1012.771,23.144,2,1,1,1
2016/05/28,18:14:13,25.168,39.508,1012.775,23.150,2,1,1,1
2016/05/28,18:15:14,25.168,39.496,1012.910,23.150,2,2,1,1
2016/05/28,18:16:14,25.148,39.484,1012.978,23.137,2,1,2,1
2016/05/28,18:17:14,25.148,39.484,1013.013,23.127,2,2,1,1
2016/05/28,18:18:15,25.168,39.484,1012.983,23.131,1,1,1,1
2016/05/28,18:19:15,25.138,39.484,1012.966,23.129,1,1,1,0
2016/05/28,18:20:15,25.148,39.484,1012.902,23.127,2,1,1,1
2016/05/28,18:21:16,25.168,39.478,1012.874,23.121,2,1,1,1
2016/05/28,18:22:16,25.138,39.484,1012.851,23.123,2,1,1,1
2016/05/28,18:23:16,25.138,39.484,1012.871,23.115,2,1,1,1
2016/05/28,18:24:17,25.148,39.484,1012.873,23.115,1,1,1,1
2016/05/28,18:25:17,25.148,39.478,1012.879,23.115,2,1,1,1
2016/05/28,18:26:17,25.148,39.484,1012.869,23.113,2,1,1,1
2016/05/28,18:27:18,25.138,39.484,1012.879,23.113,2,1,1,1
2016/05/28,18:28:18,25.148,39.484,1012.823,23.104,2,1,1,1
2016/05/28,18:29:18,25.138,39.478,1012.933,23.098,2,1,1,1
2016/05/28,18:30:19,25.138,39.465,1012.872,23.092,1,1,1,1
2016/05/28,18:31:19,25.118,39.465,1012.926,23.096,2,2,1,0
2016/05/28,18:32:19,25.138,39.478,1012.944,23.094,2,1,1,1
2016/05/28,18:33:20,25.118,39.478,1012.927,23.087,2,1,1,1
2016/05/28,18:34:20,25.118,39.465,1012.989,23.094,1,1,0,1
2016/05/28,18:35:20,25.108,39.465,1012.939,23.096,2,2,1,1
2016/05/28,18:36:21,25.118,39.465,1012.904,23.083,2,1,1,1
2016/05/28,18:37:21,25.108,39.459,1012.869,23.085,1,1,1,1
2016/05/28,18:38:21,25.118,39.465,1012.828,23.079,2,1,1,1
2016/05/28,18:39:22,25.088,39.459,1012.662,23.077,1,1,1,0
2016/05/28,18:40:22,25.108,39.459,1012.683,23.073,2,1,1,1
2016/05/28,18:41:22,25.088,39.459,1012.731,23.067,2,1,1,1
2016/05/28,18:42:23,25.078,39.447,1012.760,23.067,1,1,1,1
2016/05/28,18:43:23,25.108,39.459,1012.827,23.069,1,1,1,1
2016/05/28,18:44:23,25.088,39.447,1012.697,23.067,1,1,1,1
2016/05/28,18:45:24,25.088,39.447,1012.900,23.065,2,1,1,1
2016/05/28,18:46:24,25.108,39.459,1012.913,23.067,1,0,1,1
2016/05/28,18:47:24,25.088,39.447,1012.892,23.058,2,1,0,0
2016/05/28,18:48:25,25.088,39.441,1012.833,23.052,1,0,1,1
2016/05/28,18:49:25,25.088,39.441,1012.750,23.048,1,1,1,1
2016/05/28,18:50:25,25.088,39.441,1012.736,23.048,1,1,1,1
2016/05/28,18:51:26,25.088,39.441,1012.652,23.048,1,0,1,1
2016/05/28,18:52:26,25.067,39.441,1012.732,23.033,1,1,1,1
2016/05/28,18:53:26,25.078,39.435,1012.851,23.042,1,1,1,1
2016/05/28,18:54:27,25.067,39.423,1012.897,23.033,1,0,0,0
2016/05/28,18:55:27,25.067,39.435,1012.779,23.029,1,1,1,1
2016/05/28,18:56:27,25.067,39.435,1012.912,23.027,1,1,1,1
2016/05/28,18:57:28,25.067,39.423,1012.904,23.021,1,0,0,0
2016/05/28,18:58:28,25.047,39.423,1012.889,23.023,1,1,1,1
2016/05/28,18:59:28,25.047,39.435,1012.876,23.010,1,1,1,1
2016/05/28,19:00:29,25.047,39.417,1012.836,23.008,1,0,0,0
2016/05/28,19:01:29,25.037,39.417,1012.796,23.004,1,0,0,0
2016/05/28,19:02:29,25.037,39.417,1012.775,22.998,1,1,1,1
2016/05/28,19:03:30,25.037,39.404,1012.831,22.994,1,1,1,1
2016/05/28,19:04:30,25.037,39.417,1012.814,22.988,1,1,1,1
2016/05/28,19:05:30,25.037,39.417,1012.726,22.983,1,1,1,1
2016/05/28,19:06:31,25.017,39.417,1012.798,22.981,1,1,1,1
2016/05/28,19:07:31,25.017,39.417,1012.812,22.983,1,1,1,1
2016/05/28,19:08:31,25.037,39.417,1012.788,22.981,1,1,1,1
2016/05/28,19:09:32,25.007,39.404,1012.772,22.975,0,0,0,0
2016/05/28,19:10:32,25.017,39.404,1012.799,22.973,1,1,1,1
2016/05/28,19:11:33,25.017,39.404,1012.727,22.979,1,0,0,0
2016/05/28,19:12:33,25.007,39.404,1012.682,22.975,1,0,0,0
2016/05/28,19:13:33,25.017,39.404,1012.719,22.973,1,1,1,1
2016/05/28,19:14:34,25.007,39.398,1012.678,22.973,1,1,1,1
2016/05/28,19:15:34,25.017,39.404,1012.734,22.975,1,1,1,1
2016/05/28,19:16:34,25.007,39.398,1012.713,22.965,1,1,1,1
2016/05/28,19:17:35,25.007,39.398,1012.659,22.969,0,0,0,0
2016/05/28,19:18:35,24.997,39.392,1012.724,22.956,1,1,1,1
2016/05/28,19:19:35,24.997,39.398,1012.699,22.960,1,1,0,0
2016/05/28,19:20:36,25.007,39.392,1012.662,22.958,1,1,1,1
2016/05/28,19:21:36,24.997,39.398,1012.692,22.958,0,0,0,0
2016/05/28,19:22:36,24.997,39.398,1012.530,22.948,1,1,1,1
2016/05/28,19:23:37,24.997,39.392,1012.519,22.944,1,0,0,0
2016/05/28,19:24:37,24.997,39.392,1012.557,22.942,1,1,1,1
2016/05/28,19:25:37,24.997,39.398,1012.464,22.944,0,0,0,0
2016/05/28,19:26:38,24.967,39.392,1012.533,22.944,0,0,0,0
2016/05/28,19:27:38,24.967,39.374,1012.615,22.940,0,0,0,0
2016/05/28,19:28:38,24.997,39.374,1012.621,22.931,1,1,1,1
2016/05/28,19:29:39,24.967,39.374,1012.656,22.935,0,0,0,0
2016/05/28,19:30:39,24.967,39.374,1012.670,22.933,1,1,1,1
2016/05/28,19:31:39,24.997,39.368,1012.721,22.927,0,0,0,0
2016/05/28,19:32:40,24.957,39.374,1012.705,22.925,1,1,1,1
2016/05/28,19:33:40,24.967,39.374,1012.760,22.925,1,1,1,1
2016/05/28,19:34:40,24.967,39.368,1012.759,22.923,1,1,1,1
2016/05/28,19:35:41,24.957,39.368,1012.701,22.923,1,1,0,0
2016/05/28,19:36:41,24.957,39.368,1012.741,22.919,1,1,1,1
2016/05/28,19:37:41,24.957,39.368,1012.689,22.917,1,0,0,0
2016/05/28,19:38:42,24.937,39.368,1012.772,22.915,0,0,0,0
2016/05/28,19:39:42,24.957,39.368,1012.821,22.915,1,1,1,1
2016/05/28,19:40:42,24.957,39.355,1012.829,22.910,0,0,0,0
2016/05/28,19:41:43,24.937,39.355,1012.835,22.913,1,1,1,1
2016/05/28,19:42:43,24.937,39.355,1012.835,22.913,0,0,0,0
2016/05/28,19:43:43,24.937,39.355,1012.893,22.906,0,0,0,0
2016/05/28,19:44:44,24.937,39.355,1012.836,22.898,0,0,0,0
2016/05/28,19:45:44,24.937,39.349,1012.904,22.900,1,1,1,1
2016/05/28,19:46:44,24.937,39.355,1012.827,22.896,0,0,0,0
2016/05/28,19:47:45,24.926,39.355,1012.883,22.898,0,0,0,0
2016/05/28,19:48:45,24.937,39.349,1012.900,22.892,1,1,1,1
2016/05/28,19:49:45,24.926,39.355,1012.843,22.894,0,0,0,0
2016/05/28,19:50:46,24.926,39.355,1012.952,22.892,1,1,1,1
2016/05/28,19:51:46,24.926,39.349,1012.899,22.885,0,0,0,0
2016/05/28,19:52:46,24.926,39.343,1012.974,22.883,1,1,1,1
2016/05/28,19:53:47,24.916,39.343,1012.998,22.883,0,0,0,0
2016/05/28,19:54:47,24.926,39.349,1013.002,22.885,1,1,1,1
2016/05/28,19:55:47,24.916,39.349,1013.042,22.875,0,0,0,0
2016/05/28,19:56:48,24.926,39.349,1013.127,22.873,1,1,1,1
2016/05/28,19:57:48,24.916,39.343,1013.076,22.873,1,1,1,1
2016/05/28,19:58:48,24.916,39.349,1013.106,22.867,0,0,0,0
2016/05/28,19:59:49,24.916,39.343,1013.130,22.871,1,1,1,1
2016/05/28,20:00:49,24.916,39.343,1013.121,22.858,1,1,1,1
2016/05/28,20:01:49,24.896,39.331,1013.158,22.863,1,1,1,1
2016/05/28,20:02:50,24.896,39.331,1013.085,22.860,1,1,1,1
2016/05/28,20:03:50,24.916,39.331,1013.048,22.858,0,0,0,0
2016/05/28,20:04:50,24.896,39.331,1013.128,22.854,0,0,0,0
2016/05/28,20:05:51,24.886,39.331,1013.322,22.854,0,0,0,0
2016/05/28,20:06:51,24.896,39.343,1013.172,22.846,1,0,0,0
2016/05/28,20:07:51,24.886,39.331,1013.209,22.852,0,0,0,0
2016/05/28,20:08:52,24.896,39.331,1013.252,22.856,0,0,0,0
2016/05/28,20:09:52,24.896,39.331,1013.202,22.852,0,0,0,0
2016/05/28,20:10:52,24.896,39.325,1013.257,22.846,1,1,1,1
2016/05/28,20:11:53,24.896,39.325,1013.180,22.840,1,1,1,1
2016/05/28,20:12:53,24.886,39.325,1013.253,22.844,1,1,0,0
2016/05/28,20:13:53,24.866,39.325,1013.185,22.837,1,1,1,1
2016/05/28,20:14:54,24.886,39.313,1013.147,22.837,1,1,1,1
2016/05/28,20:15:54,24.866,39.313,1013.198,22.831,0,0,0,0
2016/05/28,20:16:54,24.886,39.313,1013.291,22.835,1,1,1,1
2016/05/28,20:17:55,24.886,39.325,1013.232,22.827,1,1,1,1
2016/05/28,20:18:55,24.886,39.313,1013.263,22.827,1,1,1,1
2016/05/28,20:19:55,24.886,39.325,1013.255,22.827,1,1,1,1
2016/05/28,20:20:56,24.866,39.313,1013.355,22.827,1,1,1,1
2016/05/28,20:21:56,24.866,39.313,1013.291,22.823,1,1,1,1
2016/05/28,20:22:56,24.866,39.325,1013.262,22.817,1,1,1,1
2016/05/28,20:23:57,24.866,39.325,1013.346,22.819,0,0,0,0
2016/05/28,20:24:57,24.866,39.307,1013.369,22.817,0,0,0,0
2016/05/28,20:25:57,24.856,39.313,1013.297,22.819,1,1,1,1
2016/05/28,20:26:58,24.856,39.313,1013.278,22.815,1,1,1,1
2016/05/28,20:27:58,24.866,39.313,1013.331,22.817,1,1,1,1
2016/05/28,20:28:58,24.856,39.307,1013.414,22.815,1,0,0,0
2016/05/28,20:29:59,24.856,39.307,1013.389,22.815,0,0,0,0
2016/05/28,20:30:59,24.856,39.307,1013.395,22.808,1,1,1,1
2016/05/28,20:32:00,24.856,39.307,1013.417,22.808,1,1,1,1
2016/05/28,20:33:00,24.856,39.307,1013.447,22.806,0,1,1,1
2016/05/28,20:34:00,24.856,39.301,1013.408,22.808,0,0,0,0
2016/05/28,20:35:01,24.856,39.307,1013.443,22.798,0,0,0,0
2016/05/28,20:36:01,24.846,39.307,1013.448,22.798,0,0,0,0
2016/05/28,20:37:01,24.846,39.301,1013.299,22.798,1,0,0,0
2016/05/28,20:38:02,24.846,39.288,1013.264,22.794,1,1,1,1
2016/05/28,20:39:02,24.846,39.301,1013.244,22.790,1,1,1,1
2016/05/28,20:40:02,24.846,39.307,1013.285,22.798,1,0,0,0
2016/05/28,20:41:03,24.846,39.301,1013.311,22.792,0,0,0,0
2016/05/28,20:42:03,24.826,39.301,1013.299,22.790,1,1,1,1
2016/05/28,20:43:03,24.846,39.301,1013.219,22.790,1,1,1,1
2016/05/28,20:44:04,24.846,39.288,1013.286,22.783,1,1,1,1
2016/05/28,20:45:04,24.846,39.288,1013.276,22.785,0,0,0,0
2016/05/28,20:46:04,24.846,39.301,1013.232,22.781,1,1,1,1
2016/05/28,20:47:05,24.826,39.301,1013.204,22.781,0,0,0,0
2016/05/28,20:48:05,24.846,39.301,1013.112,22.779,0,0,0,0
2016/05/28,20:49:05,24.816,39.288,1013.209,22.775,1,1,1,1
2016/05/28,20:50:06,24.826,39.288,1013.194,22.771,0,0,0,0
2016/05/28,20:51:06,24.826,39.288,1013.234,22.775,1,1,1,1
2016/05/28,20:52:06,24.816,39.288,1013.232,22.773,0,0,0,0
2016/05/28,20:53:07,24.826,39.288,1013.276,22.769,1,1,1,1
2016/05/28,20:54:07,24.816,39.282,1013.284,22.760,0,0,0,0
2016/05/28,20:55:07,24.816,39.282,1013.420,22.767,1,1,1,1
2016/05/28,20:56:08,24.816,39.288,1013.302,22.765,1,1,1,1
2016/05/28,20:57:08,24.826,39.282,1013.326,22.762,1,0,0,0
2016/05/28,20:58:08,24.816,39.288,1013.392,22.754,1,1,1,1
2016/05/28,20:59:09,24.816,39.282,1013.391,22.752,25,32,19,5
2016/05/28,21:00:09,24.826,39.288,1013.356,22.762,25,39,24,4
2016/05/28,21:01:09,24.826,39.288,1013.395,22.762,24,38,22,5
2016/05/28,21:02:10,24.826,39.288,1013.356,22.762,27,35,19,4
2016/05/28,21:03:10,24.846,39.288,1013.353,22.767,22,35,24,5
2016/05/28,21:04:10,24.826,39.301,1013.379,22.775,27,36,19,4
2016/05/28,21:05:11,24.846,39.288,1013.454,22.777,23,37,24,5
2016/05/28,21:06:11,24.846,39.307,1013.364,22.781,25,38,23,5
2016/05/28,21:07:11,24.846,39.301,1013.447,22.781,23,30,20,5
2016/05/28,21:08:12,24.846,39.301,1013.411,22.788,26,38,21,4
2016/05/28,21:09:12,24.846,39.301,1013.469,22.790,26,33,19,4
2016/05/28,21:10:12,24.846,39.301,1013.430,22.792,23,30,20,5
2016/05/28,21:11:13,24.856,39.307,1013.520,22.796,21,31,21,5
2016/05/28,21:12:13,24.856,39.307,1013.472,22.798,23,37,23,4
2016/05/28,21:13:14,24.856,39.307,1013.499,22.804,25,38,22,4
2016/05/28,21:14:14,24.846,39.307,1013.519,22.804,23,30,20,4
2016/05/28,21:15:14,24.856,39.313,1013.368,22.804,26,36,20,4
2016/05/28,21:16:15,24.856,39.313,1013.485,22.812,26,37,20,4
2016/05/28,21:17:15,24.856,39.313,1013.455,22.808,24,30,19,4
2016/05/28,21:18:15,24.866,39.313,1013.426,22.812,21,33,23,4
2016/05/28,21:19:16,24.856,39.325,1013.394,22.821,21,33,23,4
2016/05/28,21:20:16,24.866,39.313,1013.439,22.827,26,38,23,5
2016/05/28,21:21:16,24.886,39.325,1013.476,22.825,21,31,21,4
2016/05/28,21:22:17,24.886,39.313,1013.492,22.829,21,32,22,5
2016/05/28,21:23:17,24.866,39.325,1013.526,22.833,25,38,23,4
2016/05/28,21:24:17,24.896,39.325,1013.547,22.844,22,35,24,5
2016/05/28,21:25:18,24.886,39.325,1013.546,22.835,21,35,23,5
2016/05/28,21:26:18,24.886,39.331,1013.486,22.840,25,37,22,4
2016/05/28,21:27:18,24.896,39.325,1013.490,22.840,23,30,20,5
2016/05/28,21:28:19,24.896,39.325,1013.530,22.844,26,35,23,5
2016/05/28,21:29:19,24.896,39.331,1013.566,22.848,25,38,22,4
2016/05/28,21:30:19,24.896,39.331,1013.545,22.850,26,36,20,4
2016/05/28,21:31:20,24.896,39.331,1013.620,22.852,24,31,19,5
2016/05/28,21:32:20,24.896,39.325,1013.545,22.852,25,32,19,4
2016/05/28,21:33:20,24.896,39.343,1013.562,22.856,21,30,21,5
2016/05/28,21:34:21,24.896,39.343,1013.589,22.860,26,37,20,4
2016/05/28,21:35:21,24.916,39.343,1013.613,22.860,25,38,22,4
2016/05/28,21:36:21,24.896,39.331,1013.607,22.858,24,30,19,5
2016/05/28,21:37:22,24.916,39.343,1013.664,22.860,23,29,19,4
2016/05/28,21:38:22,24.916,39.349,1013.646,22.863,23,30,20,5
2016/05/28,21:39:22,24.916,39.343,1013.589,22.860,25,32,19,4
2016/05/28,21:40:23,24.916,39.343,1013.633,22.865,21,34,23,5
2016/05/28,21:41:23,24.916,39.343,1013.627,22.865,21,34,23,5
2016/05/28,21:42:23,24.916,39.343,1013.621,22.867,20,31,19,4
2016/05/28,21:43:24,24.916,39.343,1013.530,22.871,21,30,21,5
2016/05/28,21:44:24,24.916,39.349,1013.594,22.873,25,32,19,4
2016/05/28,21:45:24,24.916,39.343,1013.564,22.863,21,31,21,5
2016/05/28,21:46:25,24.916,39.343,1013.496,22.867,21,30,20,5
2016/05/28,21:47:25,24.896,39.343,1013.517,22.873,21,30,20,5
2016/05/28,21:48:26,24.916,39.349,1013.578,22.873,26,35,19,4
2016/05/28,21:49:26,24.916,39.349,1013.491,22.875,25,37,22,4
2016/05/28,21:50:26,24.916,39.349,1013.558,22.871,21,30,21,5
2016/05/28,21:51:26,24.926,39.343,1013.597,22.875,25,35,19,4
2016/05/28,21:52:27,24.916,39.343,1013.531,22.875,22,37,23,4
2016/05/28,21:53:27,24.916,39.349,1013.467,22.873,22,30,21,4
2016/05/28,21:54:27,24.926,39.343,1013.503,22.877,21,34,23,4
2016/05/28,21:55:28,24.916,39.349,1013.553,22.875,23,37,22,4
2016/05/28,21:56:28,24.916,39.343,1013.391,22.875,26,33,18,4
2016/05/28,21:57:28,24.926,39.349,1013.286,22.875,25,35,23,4
2016/05/28,21:58:29,24.916,39.331,1013.311,22.869,24,37,22,5
2016/05/28,21:59:29,24.916,39.343,1013.340,22.877,23,30,19,5
2016/05/28,22:00:29,24.916,39.349,1013.267,22.877,21,29,20,5
2016/05/28,22:01:30,24.916,39.349,1013.259,22.875,25,31,19,4
2016/05/28,22:02:30,24.916,39.331,1013.267,22.877,25,33,18,4
2016/05/28,22:03:31,24.916,39.349,1013.232,22.875,21,30,21,5
2016/05/28,22:04:31,24.926,39.343,1013.234,22.877,21,34,23,4
2016/05/28,22:05:31,24.926,39.343,1013.191,22.871,22,37,23,4
2016/05/28,22:06:32,24.916,39.343,1013.162,22.871,24,37,22,4
2016/05/28,22:07:32,24.916,39.349,1013.089,22.875,24,31,18,5
2016/05/28,22:08:32,24.916,39.343,1013.140,22.869,23,37,23,4
2016/05/28,22:09:33,24.916,39.343,1013.065,22.871,23,37,23,4
2016/05/28,22:10:33,24.916,39.343,1013.096,22.875,25,35,20,4
2016/05/28,22:11:33,24.916,39.343,1013.089,22.875,24,30,21,4
2016/05/28,22:12:34,24.916,39.349,1012.982,22.871,26,36,20,4
2016/05/28,22:13:34,24.916,39.343,1012.987,22.871,20,31,22,4
2016/05/28,22:14:34,24.916,39.343,1013.003,22.867,25,32,18,4
2016/05/28,22:15:35,24.916,39.331,1012.933,22.869,21,34,23,5
2016/05/28,22:16:35,24.916,39.331,1012.926,22.863,21,30,21,5
2016/05/28,22:17:35,24.916,39.343,1012.938,22.865,25,37,21,4
2016/05/28,22:18:36,24.916,39.343,1012.914,22.863,26,34,23,4
2016/05/28,22:19:36,24.916,39.343,1012.933,22.865,20,31,22,5
2016/05/28,22:20:36,24.896,39.331,1012.932,22.865,23,36,23,5
2016/05/28,22:21:37,24.896,39.343,1012.940,22.856,26,35,19,4
2016/05/28,22:22:37,24.916,39.331,1012.904,22.865,24,37,22,5
2016/05/28,22:23:37,24.916,39.343,1012.944,22.863,20,31,22,4
2016/05/28,22:24:38,24.916,39.331,1012.968,22.860,22,36,24,5
2016/05/28,22:25:38,24.916,39.343,1012.979,22.860,26,37,21,4
2016/05/28,22:26:38,24.896,39.343,1013.030,22.865,21,31,21,5
2016/05/28,22:27:39,24.916,39.343,1013.067,22.863,22,35,20,5
2016/05/28,22:28:39,24.896,39.343,1013.031,22.867,21,30,21,5
2016/05/28,22:29:39,24.896,39.343,1013.028,22.863,21,33,23,4
2016/05/28,22:30:40,24.916,39.331,1013.043,22.860,24,32,22,4
2016/05/28,22:31:40,24.896,39.331,1013.127,22.860,21,30,21,5
2016/05/28,22:32:40,24.896,39.331,1013.084,22.858,21,34,24,4
2016/05/28,22:33:41,24.896,39.331,1013.094,22.856,21,30,21,4
2016/05/28,22:34:41,24.916,39.331,1013.079,22.858,22,34,23,5
2016/05/28,22:35:41,24.886,39.331,1013.051,22.854,22,36,24,4
2016/05/28,22:36:42,24.896,39.343,1013.131,22.860,26,34,19,4
2016/05/28,22:37:42,24.896,39.331,1013.186,22.852,26,34,19,4
2016/05/28,22:38:42,24.896,39.331,1013.257,22.856,20,32,22,4
2016/05/28,22:39:43,24.896,39.343,1013.246,22.854,25,33,19,4
2016/05/28,22:40:43,24.916,39.331,1013.262,22.856,22,30,21,4
2016/05/28,22:41:43,24.896,39.313,1013.285,22.854,22,30,21,4
2016/05/28,22:42:44,24.896,39.331,1013.317,22.852,20,33,19,4
2016/05/28,22:43:44,24.896,39.331,1013.294,22.854,24,37,23,5
2016/05/28,22:44:44,24.916,39.331,1013.365,22.852,26,37,21,4
2016/05/28,22:45:45,24.886,39.331,1013.404,22.854,23,36,24,4
2016/05/28,22:46:45,24.886,39.331,1013.427,22.850,24,37,22,4
2016/05/28,22:47:45,24.896,39.331,1013.431,22.848,21,33,23,5
2016/05/28,22:48:46,24.896,39.331,1013.525,22.848,24,37,22,4
2016/05/28,22:49:46,24.896,39.331,1013.486,22.848,26,37,21,4
2016/05/28,22:50:46,24.886,39.331,1013.497,22.846,22,35,23,5
2016/05/28,22:51:47,24.896,39.331,1013.515,22.852,21,33,23,4
2016/05/28,22:52:47,24.896,39.331,1013.531,22.852,26,33,18,4
2016/05/28,22:53:48,24.896,39.325,1013.648,22.850,21,31,19,4
2016/05/28,22:54:48,24.896,39.331,1013.600,22.844,25,34,19,4
2016/05/28,22:55:48,24.886,39.325,1013.653,22.848,25,35,19,4
2016/05/28,22:56:49,24.896,39.331,1013.603,22.844,26,37,23,4
2016/05/28,22:57:49,24.896,39.325,1013.655,22.846,24,30,19,4
2016/05/28,22:58:49,24.896,39.331,1013.656,22.846,25,38,22,4
2016/05/28,22:59:49,24.896,39.331,1013.703,22.848,22,29,21,4
2016/05/28,23:00:50,24.896,39.331,1013.786,22.846,24,37,22,4
2016/05/28,23:01:50,24.896,39.331,1013.611,22.848,24,37,23,5
2016/05/28,23:02:50,24.896,39.325,1013.683,22.846,25,34,22,5
2016/05/28,23:03:51,24.896,39.331,1013.659,22.846,23,30,20,4
2016/05/28,23:04:51,24.886,39.331,1013.641,22.844,22,30,20,4
2016/05/28,23:05:51,24.896,39.325,1013.695,22.850,22,29,19,4
2016/05/28,23:06:52,24.886,39.331,1013.695,22.846,22,30,20,4
2016/05/28,23:07:52,24.886,39.331,1013.782,22.846,25,37,23,5
2016/05/28,23:08:53,24.886,39.331,1013.763,22.844,21,31,22,5
2016/05/28,23:09:53,24.896,39.325,1013.750,22.846,22,35,23,5
2016/05/28,23:10:53,24.886,39.313,1013.796,22.844,21,33,23,5
2016/05/28,23:11:54,24.896,39.325,1013.783,22.844,23,30,19,4
2016/05/28,23:12:54,24.866,39.325,1013.788,22.844,22,36,23,5
2016/05/28,23:13:54,24.886,39.331,1013.761,22.846,22,37,23,4
2016/05/28,23:14:55,24.896,39.331,1013.644,22.840,21,34,19,4
2016/05/28,23:15:55,24.896,39.331,1013.716,22.837,25,35,20,4
2016/05/28,23:16:55,24.886,39.331,1013.792,22.842,22,35,19,4
2016/05/28,23:17:56,24.896,39.331,1013.716,22.837,24,37,22,4
2016/05/28,23:18:56,24.896,39.325,1013.669,22.842,24,37,22,5
2016/05/28,23:19:56,24.886,39.313,1013.674,22.837,21,30,21,4
2016/05/28,23:20:57,24.886,39.325,1013.668,22.837,26,36,20,4
2016/05/28,23:21:57,24.886,39.331,1013.643,22.833,23,29,19,5
2016/05/28,23:22:57,24.886,39.331,1013.721,22.842,24,32,18,5
2016/05/28,23:23:58,24.886,39.325,1013.673,22.835,25,32,18,4
2016/05/28,23:24:58,24.886,39.325,1013.732,22.837,24,32,22,4
2016/05/28,23:25:58,24.886,39.325,1013.607,22.840,20,32,22,5
2016/05/28,23:26:59,24.886,39.325,1013.651,22.837,25,36,21,4
2016/05/28,23:27:59,24.886,39.325,1013.631,22.840,20,30,22,4
2016/05/28,23:28:59,24.886,39.325,1013.587,22.835,20,32,23,5
2016/05/28,23:30:00,24.886,39.325,1013.571,22.835,21,30,20,4
2016/05/28,23:31:00,24.866,39.325,1013.524,22.833,22,36,24,4
2016/05/28,23:32:00,24.886,39.325,1013.602,22.835,25,37,20,4
2016/05/28,23:33:01,24.896,39.325,1013.527,22.831,26,36,20,4
2016/05/28,23:34:01,24.856,39.325,1013.537,22.827,25,38,22,4
2016/05/28,23:35:01,24.866,39.313,1013.452,22.829,23,36,23,5
2016/05/28,23:36:02,24.866,39.313,1013.380,22.833,25,37,21,4
2016/05/28,23:37:02,24.886,39.313,1013.467,22.831,26,36,20,4
2016/05/28,23:38:02,24.886,39.325,1013.439,22.829,25,31,19,4
2016/05/28,23:39:03,24.866,39.325,1013.354,22.827,26,35,19,4
2016/05/28,23:40:03,24.866,39.325,1013.379,22.829,24,30,18,4
2016/05/28,23:41:03,24.886,39.325,1013.380,22.827,21,33,19,5
2016/05/28,23:42:04,24.866,39.325,1013.379,22.827,23,37,23,5
2016/05/28,23:43:04,24.886,39.313,1013.375,22.823,25,32,18,5
2016/05/28,23:44:04,24.886,39.313,1013.309,22.823,22,35,19,3
2016/05/28,23:45:05,24.866,39.313,1013.292,22.827,21,30,21,5
2016/05/28,23:46:05,24.866,39.307,1013.334,22.823,22,29,20,5
2016/05/28,23:47:05,24.886,39.313,1013.417,22.821,20,32,22,4
2016/05/28,23:48:06,24.886,39.313,1013.470,22.821,21,34,23,5
2016/05/28,23:49:06,24.866,39.313,1013.355,22.819,20,33,23,5
2016/05/28,23:50:06,24.866,39.313,1013.416,22.817,21,33,22,5
2016/05/28,23:51:07,24.866,39.313,1013.404,22.821,24,37,22,5
2016/05/28,23:52:07,24.866,39.313,1013.358,22.819,24,32,18,4
2016/05/28,23:53:07,24.856,39.307,1013.309,22.815,22,34,19,4
2016/05/28,23:54:08,24.856,39.313,1013.339,22.815,25,36,20,4
2016/05/28,23:55:08,24.866,39.313,1013.311,22.812,23,29,19,4
2016/05/28,23:56:09,24.866,39.307,1013.357,22.815,21,30,21,4
2016/05/28,23:57:09,24.866,39.325,1013.313,22.808,23,30,19,4
2016/05/28,23:58:09,24.866,39.313,1013.349,22.810,25,37,22,4
2016/05/28,23:59:10,24.866,39.307,1013.370,22.808,21,30,20,4
2016/05/29,00:00:10,24.856,39.313,1013.346,22.815,25,32,18,4
2016/05/29,00:01:10,24.866,39.307,1013.385,22.806,22,30,21,4
2016/05/29,00:02:11,24.856,39.313,1013.312,22.810,24,31,19,4
2016/05/29,00:03:11,24.856,39.307,1013.306,22.804,25,37,20,4
2016/05/29,00:04:11,24.856,39.307,1013.308,22.806,23,37,23,4
2016/05/29,00:05:12,24.866,39.307,1013.265,22.804,23,30,19,4
2016/05/29,00:06:12,24.856,39.307,1013.335,22.806,21,30,21,5
2016/05/29,00:07:12,24.846,39.307,1013.365,22.800,20,32,19,4
2016/05/29,00:08:13,24.856,39.307,1013.250,22.802,25,33,23,5
2016/05/29,00:09:13,24.856,39.307,1013.334,22.804,26,34,19,4
2016/05/29,00:10:13,24.856,39.307,1013.308,22.800,21,34,23,5
2016/05/29,00:11:14,24.856,39.307,1013.252,22.802,25,37,22,4
2016/05/29,00:12:14,24.856,39.307,1013.272,22.798,24,30,19,5
2016/05/29,00:13:14,24.866,39.301,1013.430,22.796,23,30,19,4
2016/05/29,00:14:15,24.856,39.307,1013.310,22.800,25,33,19,4
2016/05/29,00:15:15,24.856,39.307,1013.256,22.798,22,30,21,5
2016/05/29,00:16:15,24.846,39.307,1013.280,22.792,26,35,23,4
2016/05/29,00:17:16,24.846,39.301,1013.240,22.794,21,32,23,5
2016/05/29,00:18:16,24.846,39.301,1013.242,22.790,21,33,23,5
2016/05/29,00:19:16,24.846,39.301,1013.270,22.794,26,35,19,4
2016/05/29,00:20:17,24.846,39.301,1013.283,22.794,21,33,22,5
2016/05/29,00:21:17,24.846,39.301,1013.415,22.788,26,36,20,5
2016/05/29,00:22:18,24.846,39.301,1013.208,22.788,26,37,20,4
2016/05/29,00:23:18,24.846,39.301,1013.186,22.790,20,33,23,5
2016/05/29,00:24:18,24.826,39.301,1013.257,22.792,21,32,22,5
2016/05/29,00:25:19,24.846,39.301,1013.204,22.788,22,36,24,4
2016/05/29,00:26:19,24.846,39.288,1013.166,22.790,24,38,23,4
2016/05/29,00:27:19,24.846,39.301,1013.190,22.783,22,35,24,4
2016/05/29,00:28:20,24.826,39.288,1013.222,22.779,25,33,18,4
2016/05/29,00:29:20,24.826,39.301,1013.174,22.783,25,31,19,4
2016/05/29,00:30:20,24.826,39.288,1013.179,22.783,25,37,22,4
2016/05/29,00:31:21,24.846,39.288,1013.173,22.781,22,35,23,5
2016/05/29,00:32:21,24.826,39.301,1013.196,22.779,26,36,23,4
2016/05/29,00:33:21,24.826,39.301,1013.150,22.779,21,34,23,4
2016/05/29,00:34:22,24.826,39.288,1013.249,22.773,21,32,22,5
2016/05/29,00:35:22,24.826,39.301,1013.218,22.779,23,37,24,5
2016/05/29,00:36:22,24.816,39.288,1013.224,22.771,24,37,23,4
2016/05/29,00:37:23,24.826,39.301,1013.195,22.769,20,33,23,4
2016/05/29,00:38:23,24.826,39.288,1013.216,22.771,22,35,23,5
2016/05/29,00:39:23,24.826,39.288,1013.191,22.765,24,37,22,5
2016/05/29,00:40:24,24.846,39.288,1013.061,22.765,22,34,23,4
2016/05/29,00:41:24,24.816,39.288,1013.141,22.758,24,32,23,4
2016/05/29,00:42:24,24.816,39.282,1013.075,22.758,25,31,18,5
2016/05/29,00:43:25,24.826,39.288,1013.178,22.758,21,34,23,5
2016/05/29,00:44:25,24.816,39.282,1013.211,22.758,21,33,23,5
2016/05/29,00:45:25,24.816,39.288,1013.151,22.756,24,37,22,4
2016/05/29,00:46:26,24.816,39.282,1013.217,22.754,21,34,19,5
2016/05/29,00:47:26,24.816,39.282,1013.269,22.756,21,32,22,4
2016/05/29,00:48:26,24.816,39.282,1013.179,22.758,25,32,22,4
2016/05/29,00:49:27,24.826,39.288,1013.229,22.758,21,32,22,4
2016/05/29,00:50:27,24.816,39.282,1013.273,22.756,25,38,21,4
2016/05/29,00:51:27,24.816,39.282,1013.266,22.756,26,35,19,4
2016/05/29,00:52:28,24.826,39.282,1013.242,22.750,21,31,22,5
2016/05/29,00:53:28,24.816,39.282,1013.241,22.750,23,36,23,5
2016/05/29,00:54:28,24.816,39.282,1013.280,22.756,24,37,22,4
2016/05/29,00:55:29,24.796,39.282,1013.348,22.750,25,35,20,3
2016/05/29,00:56:29,24.816,39.282,1013.344,22.748,26,34,19,4
2016/05/29,00:57:29,24.816,39.270,1013.329,22.750,24,30,19,4
2016/05/29,00:58:30,24.816,39.282,1013.444,22.746,22,35,23,5
2016/05/29,00:59:30,24.796,39.270,1013.389,22.746,26,36,20,4
2016/05/29,01:00:30,24.796,39.282,1013.360,22.748,22,36,24,4
2016/05/29,01:01:31,24.796,39.270,1013.346,22.744,20,30,21,5
2016/05/29,01:02:31,24.816,39.282,1013.350,22.744,22,35,23,4
2016/05/29,01:03:31,24.796,39.270,1013.417,22.746,26,34,19,5
2016/05/29,01:04:32,24.816,39.270,1013.315,22.738,25,37,21,4
2016/05/29,01:05:32,24.816,39.270,1013.366,22.744,26,35,19,4
2016/05/29,01:06:33,24.816,39.270,1013.303,22.746,23,29,19,4
2016/05/29,01:07:33,24.796,39.270,1013.305,22.744,23,37,23,4
2016/05/29,01:08:33,24.796,39.270,1013.272,22.742,24,37,22,4
2016/05/29,01:09:34,24.796,39.270,1013.263,22.740,20,32,22,5
2016/05/29,01:10:34,24.796,39.270,1013.205,22.735,21,34,23,5
2016/05/29,01:11:34,24.816,39.282,1013.241,22.738,23,30,21,4
2016/05/29,01:12:35,24.775,39.258,1013.236,22.733,21,33,23,5
2016/05/29,01:13:35,24.775,39.270,1013.221,22.735,21,30,18,4
2016/05/29,01:14:35,24.796,39.270,1013.177,22.735,26,36,23,4
2016/05/29,01:15:36,24.796,39.270,1013.177,22.735,26,37,21,5
2016/05/29,01:16:36,24.775,39.270,1013.210,22.731,21,33,23,5
2016/05/29,01:17:36,24.796,39.258,1013.174,22.735,20,32,22,4
2016/05/29,01:18:37,24.775,39.270,1013.205,22.727,25,34,23,5
2016/05/29,01:19:37,24.796,39.270,1013.113,22.731,22,35,23,5
2016/05/29,01:20:37,24.796,39.270,1013.139,22.727,21,35,23,5
2016/05/29,01:21:38,24.775,39.270,1013.168,22.725,22,36,24,4
2016/05/29,01:22:38,24.775,39.258,1013.134,22.725,23,29,19,4
2016/05/29,01:23:38,24.775,39.258,1013.188,22.729,25,31,19,4
2016/05/29,01:24:39,24.775,39.258,1013.084,22.727,25,32,18,4
2016/05/29,01:25:39,24.775,39.258,1013.144,22.727,25,32,19,4
2016/05/29,01:26:39,24.775,39.258,1013.090,22.721,20,33,22,4
2016/05/29,01:27:40,24.775,39.252,1012.976,22.717,23,30,20,4
2016/05/29,01:28:40,24.775,39.258,1013.060,22.717,20,33,22,5
2016/05/29,01:29:40,24.775,39.252,1013.033,22.719,25,36,20,4
2016/05/29,01:30:41,24.765,39.258,1013.068,22.717,25,32,18,4
2016/05/29,01:31:41,24.775,39.258,1013.020,22.712,23,36,23,4
2016/05/29,01:32:41,24.765,39.252,1013.141,22.712,21,31,22,5
2016/05/29,01:33:42,24.775,39.258,1013.118,22.715,24,37,23,4
2016/05/29,01:34:42,24.775,39.258,1013.116,22.715,26,36,23,4
2016/05/29,01:35:42,24.765,39.252,1013.072,22.706,22,30,20,5
2016/05/29,01:36:43,24.765,39.258,1013.115,22.715,23,31,19,4
2016/05/29,01:37:43,24.765,39.252,1013.125,22.708,22,29,20,5
2016/05/29,01:38:43,24.765,39.240,1013.094,22.712,21,29,20,5
2016/05/29,01:39:44,24.775,39.252,1013.069,22.708,25,38,23,5
2016/05/29,01:40:44,24.765,39.252,1013.041,22.700,25,33,18,4
2016/05/29,01:41:44,24.765,39.252,1013.056,22.706,25,33,19,4
2016/05/29,01:42:45,24.765,39.258,1013.070,22.706,25,32,19,4
2016/05/29,01:43:45,24.765,39.252,1013.017,22.700,21,34,20,5
2016/05/29,01:44:45,24.765,39.252,1013.048,22.704,25,37,23,5
2016/05/29,01:45:46,24.765,39.252,1012.983,22.702,26,33,18,4
2016/05/29,01:46:46,24.765,39.252,1013.107,22.702,26,33,19,4
2016/05/29,01:47:47,24.765,39.252,1013.182,22.700,25,32,19,4
2016/05/29,01:48:47,24.765,39.240,1013.163,22.702,24,31,18,5
2016/05/29,01:49:47,24.765,39.240,1013.100,22.696,22,35,23,5
2016/05/29,01:50:47,24.745,39.240,1013.089,22.694,26,37,20,4
2016/05/29,01:51:48,24.765,39.240,1013.214,22.702,21,34,23,5
2016/05/29,01:52:48,24.745,39.240,1013.153,22.696,23,31,21,5
2016/05/29,01:53:49,24.765,39.252,1013.094,22.692,21,33,23,5
2016/05/29,01:54:49,24.745,39.233,1013.080,22.692,24,37,22,5
2016/05/29,01:55:49,24.745,39.240,1013.081,22.692,26,35,20,4
2016/05/29,01:56:50,24.745,39.252,1013.110,22.690,21,34,23,5
2016/05/29,01:57:50,24.745,39.252,1013.063,22.685,22,35,24,4
2016/05/29,01:58:50,24.745,39.252,1013.086,22.685,23,30,19,4
2016/05/29,01:59:51,24.745,39.240,1013.022,22.690,26,35,19,4
2016/05/29,02:00:51,24.745,39.240,1012.945,22.685,24,32,19,4
2016/05/29,02:01:51,24.735,39.240,1013.041,22.685,21,35,20,5
2016/05/29,02:02:52,24.745,39.240,1013.043,22.688,22,30,20,5
2016/05/29,02:03:52,24.745,39.240,1013.004,22.683,25,37,20,4
2016/05/29,02:04:52,24.735,39.240,1013.020,22.681,25,31,18,5
2016/05/29,02:05:53,24.735,39.240,1013.022,22.683,20,30,19,4
2016/05/29,02:06:53,24.765,39.252,1013.089,22.675,25,36,20,4
2016/05/29,02:07:53,24.735,39.233,1013.050,22.681,23,30,19,5
2016/05/29,02:08:54,24.735,39.240,1013.106,22.683,24,31,18,4
2016/05/29,02:09:54,24.735,39.240,1012.988,22.677,25,38,22,4
2016/05/29,02:10:54,24.745,39.233,1013.084,22.679,26,35,19,4
2016/05/29,02:11:55,24.745,39.240,1013.099,22.677,23,36,24,4
2016/05/29,02:12:55,24.735,39.233,1013.027,22.673,23,37,23,4
2016/05/29,02:13:55,24.735,39.233,1013.066,22.673,26,37,23,5
2016/05/29,02:14:56,24.735,39.233,1013.123,22.675,25,32,22,4
2016/05/29,02:15:56,24.715,39.233,1013.047,22.675,25,38,22,4
2016/05/29,02:16:56,24.735,39.233,1013.021,22.673,25,34,23,5
2016/05/29,02:17:57,24.735,39.233,1013.017,22.671,22,36,24,4
2016/05/29,02:18:57,24.735,39.233,1013.085,22.673,21,30,21,4
2016/05/29,02:19:57,24.715,39.233,1013.066,22.673,21,29,21,4
2016/05/29,02:20:58,24.735,39.233,1012.911,22.665,25,30,19,5
2016/05/29,02:21:58,24.735,39.233,1012.990,22.667,21,30,19,4
2016/05/29,02:22:58,24.735,39.221,1012.982,22.663,25,33,18,4
2016/05/29,02:23:59,24.735,39.233,1013.024,22.669,21,34,23,5
2016/05/29,02:24:59,24.715,39.221,1012.911,22.667,24,32,22,5
2016/05/29,02:26:00,24.715,39.233,1013.038,22.665,25,35,20,4
2016/05/29,02:27:00,24.715,39.233,1012.978,22.656,22,35,23,4
2016/05/29,02:28:00,24.715,39.221,1012.990,22.663,22,35,24,5
2016/05/29,02:29:00,24.735,39.221,1012.932,22.660,21,35,24,4
2016/05/29,02:30:01,24.735,39.221,1012.988,22.656,23,37,23,4
2016/05/29,02:31:01,24.715,39.233,1013.061,22.658,22,29,20,4
2016/05/29,02:32:01,24.715,39.233,1013.032,22.663,26,37,22,4
2016/05/29,02:33:02,24.715,39.221,1013.034,22.658,26,35,20,3
2016/05/29,02:34:02,24.715,39.221,1013.081,22.656,22,36,23,5
2016/05/29,02:35:03,24.715,39.215,1012.987,22.652,24,37,21,4
2016/05/29,02:36:03,24.715,39.233,1012.949,22.654,22,30,21,4
2016/05/29,02:37:03,24.715,39.221,1012.957,22.654,23,36,23,4
2016/05/29,02:38:03,24.715,39.221,1012.964,22.652,26,35,19,4
2016/05/29,02:39:04,24.705,39.221,1012.890,22.654,21,34,23,4
2016/05/29,02:40:04,24.715,39.215,1012.951,22.654,22,36,23,4
2016/05/29,02:41:04,24.715,39.221,1012.994,22.650,22,29,20,4
2016/05/29,02:42:05,24.715,39.221,1013.003,22.652,20,32,23,4
2016/05/29,02:43:05,24.715,39.221,1013.032,22.658,26,37,21,3
2016/05/29,02:44:05,24.705,39.215,1012.953,22.650,26,36,23,5
2016/05/29,02:45:06,24.715,39.221,1012.943,22.646,23,30,20,4
2016/05/29,02:46:06,24.715,39.221,1013.055,22.648,22,35,23,5
2016/05/29,02:47:06,24.715,39.221,1013.020,22.648,25,37,20,5
2016/05/29,02:48:07,24.715,39.221,1013.006,22.644,25,37,21,4
2016/05/29,02:49:07,24.705,39.221,1012.990,22.644,21,34,19,4
2016/05/29,02:50:07,24.715,39.221,1013.040,22.642,22,36,21,4
2016/05/29,02:51:08,24.705,39.215,1013.075,22.640,26,34,19,4
2016/05/29,02:52:08,24.705,39.215,1013.009,22.640,21,31,22,5
2016/05/29,02:53:09,24.715,39.215,1013.282,22.644,24,37,23,4
2016/05/29,02:54:09,24.715,39.221,1012.996,22.640,25,38,23,4
2016/05/29,02:55:09,24.705,39.215,1012.972,22.637,22,29,20,4
2016/05/29,02:56:09,24.715,39.221,1012.975,22.640,22,29,20,4
2016/05/29,02:57:10,24.715,39.215,1013.062,22.635,23,30,20,4
2016/05/29,02:58:10,24.705,39.215,1012.986,22.637,25,37,22,4
2016/05/29,02:59:10,24.705,39.215,1013.021,22.644,25,37,20,4
2016/05/29,03:00:11,24.695,39.209,1013.029,22.637,22,34,24,4
2016/05/29,03:01:11,24.705,39.215,1013.090,22.635,21,34,23,5
2016/05/29,03:02:12,24.705,39.209,1013.062,22.629,20,32,22,5
2016/05/29,03:03:12,24.705,39.209,1013.152,22.637,25,35,23,4
2016/05/29,03:04:12,24.705,39.215,1013.136,22.625,26,36,23,5
2016/05/29,03:05:13,24.705,39.209,1013.057,22.629,21,32,22,4
2016/05/29,03:06:13,24.695,39.209,1013.044,22.627,21,33,23,5
2016/05/29,03:07:13,24.695,39.209,1012.947,22.627,24,37,22,4
2016/05/29,03:08:14,24.695,39.215,1013.052,22.625,23,36,24,4
2016/05/29,03:09:14,24.705,39.215,1013.007,22.629,23,37,23,4
2016/05/29,03:10:14,24.705,39.209,1013.020,22.629,22,35,23,5
2016/05/29,03:11:15,24.695,39.209,1012.987,22.625,25,37,21,4
2016/05/29,03:12:15,24.675,39.209,1012.974,22.623,25,36,20,4
2016/05/29,03:13:15,24.695,39.209,1012.969,22.621,26,36,24,4
2016/05/29,03:14:16,24.695,39.209,1012.958,22.617,20,31,22,5
2016/05/29,03:15:16,24.695,39.197,1012.899,22.619,25,37,20,4
2016/05/29,03:16:16,24.695,39.209,1012.943,22.613,21,31,22,5
2016/05/29,03:17:17,24.675,39.209,1013.008,22.617,22,36,24,4
2016/05/29,03:18:17,24.675,39.209,1012.867,22.613,22,35,23,5
2016/05/29,03:19:17,24.675,39.209,1012.959,22.610,26,35,23,5
2016/05/29,03:20:18,24.695,39.197,1013.011,22.610,25,37,22,4
2016/05/29,03:21:18,24.675,39.197,1012.991,22.606,21,35,24,4
2016/05/29,03:22:18,24.665,39.209,1012.995,22.608,22,30,20,5
2016/05/29,03:23:19,24.675,39.209,1013.004,22.610,21,35,23,5
2016/05/29,03:24:19,24.675,39.197,1013.027,22.608,25,37,22,4
2016/05/29,03:25:19,24.675,39.197,1013.083,22.606,25,34,19,4
2016/05/29,03:26:20,24.675,39.191,1013.094,22.606,26,37,21,4
2016/05/29,03:27:20,24.675,39.197,1013.167,22.606,21,33,22,4
2016/05/29,03:28:20,24.675,39.197,1013.173,22.602,25,37,21,4
2016/05/29,03:29:21,24.675,39.191,1013.165,22.600,26,35,24,5
2016/05/29,03:30:21,24.665,39.197,1013.143,22.600,25,33,19,4
2016/05/29,03:31:21,24.665,39.191,1013.088,22.596,23,30,20,4
2016/05/29,03:32:22,24.665,39.191,1013.175,22.596,21,29,19,5
2016/05/29,03:33:22,24.675,39.197,1013.106,22.592,22,36,24,4
2016/05/29,03:34:22,24.665,39.191,1013.158,22.594,25,33,19,4
2016/05/29,03:35:23,24.665,39.197,1013.065,22.594,25,33,18,4
2016/05/29,03:36:23,24.675,39.197,1013.068,22.592,21,32,22,5
2016/05/29,03:37:23,24.675,39.197,1013.159,22.592,26,36,20,3
2016/05/29,03:38:24,24.665,39.191,1013.136,22.592,21,31,22,4
2016/05/29,03:39:24,24.665,39.191,1013.229,22.587,25,37,21,4
2016/05/29,03:40:24,24.665,39.191,1013.171,22.587,22,30,20,4
2016/05/29,03:41:25,24.665,39.178,1013.222,22.590,23,37,23,4
2016/05/29,03:42:25,24.665,39.178,1013.148,22.581,26,36,20,4
2016/05/29,03:43:25,24.644,39.191,1013.114,22.585,20,31,22,4
2016/05/29,03:44:26,24.665,39.191,1013.023,22.587,24,37,22,4
2016/05/29,03:45:26,24.644,39.191,1013.081,22.577,21,35,23,5
2016/05/29,03:46:26,24.665,39.191,1013.070,22.579,26,36,20,4
2016/05/29,03:47:27,24.644,39.172,1013.096,22.581,22,30,19,4
2016/05/29,03:48:27,24.644,39.178,1013.062,22.577,23,37,23,4
2016/05/29,03:49:27,24.644,39.178,1013.050,22.575,26,33,22,4
2016/05/29,03:50:28,24.644,39.178,1013.047,22.577,22,34,23,5
2016/05/29,03:51:28,24.644,39.172,1013.073,22.567,23,30,20,4
2016/05/29,03:52:28,24.644,39.178,1013.059,22.575,21,30,21,4
2016/05/29,03:53:29,24.644,39.178,1013.011,22.575,24,37,23,5
2016/05/29,03:54:29,24.644,39.178,1013.078,22.573,25,37,21,4
2016/05/29,03:55:29,24.644,39.178,1013.075,22.569,21,30,21,5
2016/05/29,03:56:30,24.634,39.178,1013.037,22.571,25,30,18,4
2016/05/29,03:57:30,24.634,39.178,1012.998,22.567,21,31,22,5
2016/05/29,03:58:30,24.644,39.178,1013.002,22.565,26,35,19,4
2016/05/29,03:59:31,24.614,39.178,1013.032,22.565,24,30,18,4
2016/05/29,04:00:31,24.644,39.178,1013.074,22.565,24,37,22,4
2016/05/29,04:01:31,24.644,39.178,1013.037,22.562,26,35,19,4
2016/05/29,04:02:32,24.634,39.178,1013.103,22.567,26,36,20,4
2016/05/29,04:03:32,24.634,39.178,1013.050,22.565,25,38,22,4
2016/05/29,04:04:32,24.644,39.172,1013.117,22.562,21,34,23,4
2016/05/29,04:05:33,24.634,39.172,1013.012,22.558,22,35,23,5
2016/05/29,04:06:33,24.634,39.160,1013.053,22.558,25,34,19,4
2016/05/29,04:07:34,24.644,39.178,1013.078,22.556,21,34,23,5
2016/05/29,04:08:34,24.634,39.172,1013.072,22.554,21,29,20,5
2016/05/29,04:09:34,24.634,39.172,1013.049,22.552,26,33,19,4
2016/05/29,04:10:35,24.634,39.172,1013.133,22.554,24,37,21,4
2016/05/29,04:11:35,24.634,39.178,1013.120,22.552,25,38,22,5
2016/05/29,04:12:35,24.634,39.172,1013.102,22.554,25,33,19,4
2016/05/29,04:13:36,24.634,39.178,1013.206,22.554,21,30,21,5
2016/05/29,04:14:36,24.634,39.172,1013.118,22.550,25,33,19,4
2016/05/29,04:15:36,24.634,39.160,1013.097,22.552,23,37,23,4
2016/05/29,04:16:37,24.634,39.172,1013.183,22.550,24,37,22,4
2016/05/29,04:17:37,24.634,39.172,1013.279,22.554,25,36,20,4
2016/05/29,04:18:37,24.634,39.172,1013.232,22.546,26,33,19,4
2016/05/29,04:19:38,24.614,39.172,1013.240,22.550,22,34,19,4
2016/05/29,04:20:38,24.614,39.172,1013.159,22.548,25,34,22,4
2016/05/29,04:21:38,24.614,39.172,1013.230,22.552,24,38,23,4
2016/05/29,04:22:39,24.614,39.160,1013.240,22.550,24,37,22,4
2016/05/29,04:23:39,24.614,39.160,1013.288,22.546,21,31,21,5
2016/05/29,04:24:39,24.634,39.172,1013.319,22.548,26,36,19,4
2016/05/29,04:25:40,24.634,39.160,1013.299,22.546,21,32,22,4
2016/05/29,04:26:40,24.634,39.172,1013.339,22.542,25,37,21,4
2016/05/29,04:27:40,24.614,39.172,1013.396,22.542,21,34,23,5
2016/05/29,04:28:41,24.634,39.160,1013.383,22.544,22,35,19,4
2016/05/29,04:29:41,24.614,39.172,1013.426,22.538,20,31,22,5
2016/05/29,04:30:41,24.634,39.160,1013.423,22.540,22,30,21,5
2016/05/29,04:31:42,24.614,39.160,1013.404,22.542,23,29,19,5
2016/05/29,04:32:42,24.614,39.160,1013.468,22.542,25,38,23,4
2016/05/29,04:33:42,24.614,39.160,1013.425,22.540,24,37,23,5
2016/05/29,04:34:43,24.614,39.160,1013.432,22.542,21,35,24,4
2016/05/29,04:35:43,24.614,39.160,1013.469,22.535,21,31,22,4
2016/05/29,04:36:43,24.634,39.172,1013.429,22.538,23,37,22,5
2016/05/29,04:37:44,24.614,39.160,1013.589,22.538,23,30,20,5
2016/05/29,04:38:44,24.614,39.160,1013.443,22.538,20,31,19,4
2016/05/29,04:39:44,24.614,39.148,1013.494,22.533,26,35,19,4
2016/05/29,04:40:45,24.634,39.148,1013.514,22.535,25,31,19,4
2016/05/29,04:41:45,24.614,39.160,1013.513,22.533,24,30,19,5
2016/05/29,04:42:45,24.614,39.160,1013.614,22.535,21,33,23,5
2016/05/29,04:43:46,24.614,39.160,1013.519,22.533,25,33,19,4
2016/05/29,04:44:46,24.614,39.160,1013.605,22.540,26,37,21,4
2016/05/29,04:45:46,24.614,39.160,1013.703,22.540,26,35,20,4
2016/05/29,04:46:47,24.614,39.160,1013.614,22.535,24,37,23,4
2016/05/29,04:47:47,24.614,39.160,1013.663,22.533,23,29,20,5
2016/05/29,04:48:48,24.614,39.160,1013.731,22.538,21,32,23,5
2016/05/29,04:49:48,24.614,39.148,1013.699,22.529,26,34,23,5
2016/05/29,04:50:48,24.614,39.148,1013.764,22.533,21,33,23,5
2016/05/29,04:51:49,24.594,39.160,1013.802,22.531,21,31,21,5
2016/05/29,04:52:49,24.594,39.148,1013.746,22.533,23,30,20,5
2016/05/29,04:53:49,24.614,39.148,1013.809,22.533,25,32,19,4
2016/05/29,04:54:50,24.594,39.160,1013.864,22.533,26,37,20,4
2016/05/29,04:55:50,24.594,39.148,1013.941,22.533,21,32,22,6
2016/05/29,04:56:50,24.614,39.148,1013.775,22.529,27,37,24,5
2016/05/29,04:57:51,24.614,39.160,1013.860,22.531,22,31,20,4
2016/05/29,04:58:51,24.614,39.160,1013.823,22.529,25,38,23,4
2016/05/29,04:59:51,24.614,39.160,1013.919,22.531,24,30,20,5
2016/05/29,05:00:52,24.634,39.160,1013.931,22.538,27,37,21,5
2016/05/29,05:01:52,24.614,39.160,1013.896,22.533,26,35,19,5
2016/05/29,05:02:52,24.614,39.160,1013.905,22.538,26,34,24,4
2016/05/29,05:03:53,24.614,39.160,1013.884,22.535,26,35,20,4
2016/05/29,05:04:53,24.594,39.160,1013.955,22.538,22,35,24,5
2016/05/29,05:05:53,24.614,39.148,1013.953,22.542,22,36,24,5
2016/05/29,05:06:54,24.614,39.160,1014.039,22.542,22,34,23,5
2016/05/29,05:07:54,24.614,39.160,1013.973,22.542,26,38,24,5
2016/05/29,05:08:54,24.614,39.160,1014.047,22.542,26,38,22,5
2016/05/29,05:09:55,24.634,39.172,1014.152,22.544,27,34,20,5
2016/05/29,05:10:55,24.614,39.160,1014.086,22.544,22,33,20,4
2016/05/29,05:11:55,24.614,39.160,1014.120,22.548,22,35,24,5
2016/05/29,05:12:56,24.634,39.172,1014.181,22.544,22,32,22,5
2016/05/29,05:13:56,24.634,39.172,1014.219,22.548,26,38,22,5
2016/05/29,05:14:56,24.614,39.172,1014.280,22.548,22,32,23,5
2016/05/29,05:15:57,24.614,39.172,1014.221,22.548,27,34,19,4
2016/05/29,05:16:57,24.634,39.172,1014.286,22.550,23,34,23,5
2016/05/29,05:17:57,24.634,39.172,1014.260,22.556,23,35,24,5
2016/05/29,05:18:58,24.634,39.172,1014.236,22.556,24,31,20,5
2016/05/29,05:19:58,24.644,39.172,1014.313,22.556,22,31,22,5
2016/05/29,05:20:58,24.644,39.172,1014.376,22.556,25,38,23,6
2016/05/29,05:21:59,24.634,39.172,1014.387,22.560,23,35,24,6
2016/05/29,05:22:59,24.644,39.172,1014.369,22.558,24,31,21,5
2016/05/29,05:23:59,24.634,39.172,1014.357,22.562,26,38,24,5
2016/05/29,05:25:00,24.644,39.172,1014.359,22.558,24,31,22,5
2016/05/29,05:26:00,24.634,39.172,1014.374,22.560,23,36,24,6
2016/05/29,05:27:00,24.634,39.178,1014.359,22.565,24,36,24,5
2016/05/29,05:28:01,24.634,39.178,1014.372,22.565,24,31,22,5
2016/05/29,05:29:01,24.634,39.178,1014.459,22.571,27,32,20,5
2016/05/29,05:30:01,24.644,39.178,1014.387,22.573,28,35,20,5
2016/05/29,05:31:02,24.644,39.178,1014.411,22.571,23,35,21,5
2016/05/29,05:32:02,24.644,39.178,1014.458,22.579,25,38,25,5
2016/05/29,05:33:02,24.644,39.178,1014.465,22.577,25,37,25,5
2016/05/29,05:34:03,24.644,39.191,1014.458,22.577,25,37,25,5
2016/05/29,05:35:03,24.665,39.191,1014.517,22.583,23,36,24,5
2016/05/29,05:36:03,24.644,39.178,1014.569,22.581,24,31,22,6
2016/05/29,05:37:04,24.665,39.191,1014.544,22.579,27,39,24,5
2016/05/29,05:38:04,24.644,39.191,1014.576,22.583,24,37,22,5
2016/05/29,05:39:04,24.644,39.178,1014.571,22.587,23,35,21,5
2016/05/29,05:40:05,24.665,39.191,1014.569,22.579,25,32,21,5
2016/05/29,05:41:05,24.665,39.191,1014.599,22.587,26,32,21,6
2016/05/29,05:42:05,24.665,39.191,1014.630,22.592,25,38,24,6
2016/05/29,05:43:06,24.665,39.191,1014.585,22.594,23,34,24,6
2016/05/29,05:44:06,24.675,39.191,1014.626,22.594,27,34,23,5
2016/05/29,05:45:06,24.665,39.191,1014.605,22.592,23,34,24,6
2016/05/29,05:46:07,24.644,39.191,1014.659,22.598,26,38,25,6
2016/05/29,05:47:07,24.675,39.197,1014.630,22.596,23,35,25,6
2016/05/29,05:48:07,24.675,39.197,1014.711,22.604,25,32,22,6
2016/05/29,05:49:08,24.675,39.197,1014.928,22.600,27,32,21,5
2016/05/29,05:50:08,24.675,39.209,1014.806,22.606,26,32,21,6
2016/05/29,05:51:08,24.675,39.197,1014.787,22.608,28,34,21,5
2016/05/29,05:52:09,24.665,39.209,1014.781,22.615,28,38,22,6
2016/05/29,05:53:09,24.695,39.209,1014.834,22.613,24,35,24,7
2016/05/29,05:54:10,24.695,39.197,1014.871,22.619,25,37,25,6
2016/05/29,05:55:10,24.695,39.209,1014.823,22.619,29,39,23,5
2016/05/29,05:56:10,24.695,39.209,1014.835,22.619,29,34,20,6
2016/05/29,05:57:11,24.695,39.209,1014.884,22.621,24,35,24,6
2016/05/29,05:58:11,24.695,39.209,1014.925,22.621,24,34,20,6
2016/05/29,05:59:11,24.705,39.215,1014.940,22.623,27,40,26,6
2016/05/29,06:00:12,24.695,39.215,1014.983,22.629,24,34,24,6
2016/05/29,06:01:12,24.705,39.215,1014.997,22.631,26,38,25,6
2016/05/29,06:02:12,24.695,39.209,1015.073,22.629,28,33,21,6
2016/05/29,06:03:13,24.705,39.215,1015.040,22.633,25,33,23,6
2016/05/29,06:04:13,24.705,39.215,1015.163,22.635,28,35,21,6
2016/05/29,06:05:13,24.705,39.221,1015.031,22.640,27,33,21,5
2016/05/29,06:06:14,24.705,39.215,1015.076,22.637,29,37,21,6
2016/05/29,06:07:14,24.705,39.215,1015.086,22.642,25,37,26,6
2016/05/29,06:08:14,24.695,39.215,1015.058,22.640,28,34,24,5
2016/05/29,06:09:15,24.705,39.215,1015.085,22.646,30,37,21,5
2016/05/29,06:10:15,24.715,39.221,1015.086,22.648,27,39,25,6
2016/05/29,06:11:15,24.735,39.221,1015.081,22.654,29,40,24,5
2016/05/29,06:12:16,24.735,39.233,1015.067,22.660,28,40,26,6
2016/05/29,06:13:16,24.745,39.233,1015.080,22.667,26,33,23,7
2016/05/29,06:14:16,24.735,39.240,1015.144,22.675,25,36,25,7
2016/05/29,06:15:17,24.745,39.240,1015.099,22.685,29,40,24,6
2016/05/29,06:16:17,24.765,39.252,1015.127,22.694,25,37,22,6
2016/05/29,06:17:17,24.775,39.252,1015.181,22.704,25,37,25,7
2016/05/29,06:18:18,24.775,39.258,1015.145,22.715,29,34,21,6
2016/05/29,06:19:18,24.796,39.258,1015.170,22.719,29,41,25,7
2016/05/29,06:20:18,24.796,39.258,1015.172,22.729,25,37,26,7
2016/05/29,06:21:19,24.796,39.282,1015.046,22.735,30,41,26,6
2016/05/29,06:22:19,24.816,39.282,1015.119,22.746,7,4,4,3
2016/05/29,06:23:19,24.816,39.282,1015.101,22.758,6,4,4,3
2016/05/29,06:24:20,24.826,39.288,1015.044,22.760,5,5,4,3
2016/05/29,06:25:20,24.826,39.282,1015.077,22.771,6,4,3,2
2016/05/29,06:26:20,24.826,39.301,1015.083,22.775,6,5,4,3
2016/05/29,06:27:21,24.826,39.301,1015.019,22.775,6,5,4,3
2016/05/29,06:28:21,24.846,39.288,1015.018,22.783,7,5,3,2
2016/05/29,06:29:21,24.826,39.288,1015.053,22.785,6,4,3,3
2016/05/29,06:30:22,24.846,39.301,1015.106,22.785,6,4,3,3
2016/05/29,06:31:22,24.846,39.301,1014.979,22.788,5,4,3,3
2016/05/29,06:32:22,24.846,39.307,1015.010,22.792,5,4,3,2
2016/05/29,06:33:23,24.846,39.307,1014.995,22.790,6,5,4,3
2016/05/29,06:34:23,24.846,39.307,1015.041,22.796,7,5,4,3
2016/05/29,06:35:23,24.856,39.301,1015.015,22.796,7,5,4,3
2016/05/29,06:36:24,24.856,39.301,1015.109,22.804,6,4,3,2
2016/05/29,06:37:24,24.856,39.307,1015.053,22.804,5,4,3,2
2016/05/29,06:38:24,24.856,39.307,1015.064,22.806,5,4,3,3
2016/05/29,06:39:25,24.856,39.307,1015.092,22.810,6,4,3,3
2016/05/29,06:40:25,24.856,39.307,1014.976,22.810,4,3,3,2
2016/05/29,06:41:25,24.856,39.313,1014.954,22.808,5,4,3,2
2016/05/29,06:42:26,24.856,39.307,1015.004,22.815,6,4,3,3
2016/05/29,06:43:26,24.866,39.307,1015.004,22.815,6,4,3,3
2016/05/29,06:44:26,24.856,39.307,1015.045,22.812,7,5,4,3
2016/05/29,06:45:27,24.856,39.313,1015.080,22.821,6,5,4,3
2016/05/29,06:46:27,24.856,39.313,1015.008,22.823,6,5,3,2
2016/05/29,06:47:27,24.856,39.307,1015.018,22.815,7,5,3,3
2016/05/29,06:48:28,24.866,39.313,1015.152,22.819,6,5,4,3
2016/05/29,06:49:28,24.856,39.307,1015.181,22.823,5,4,3,2
2016/05/29,06:50:29,24.856,39.307,1015.086,22.827,4,3,2,2
2016/05/29,06:51:29,24.886,39.307,1015.165,22.821,5,4,4,2
2016/05/29,06:52:29,24.866,39.313,1015.140,22.823,6,5,4,3
2016/05/29,06:53:30,24.856,39.313,1015.120,22.829,7,5,4,3
2016/05/29,06:54:30,24.866,39.307,1015.137,22.821,7,5,4,3
2016/05/29,06:55:30,24.856,39.313,1015.112,22.827,7,5,4,4
2016/05/29,06:56:31,24.866,39.307,1015.084,22.823,8,6,4,3
2016/05/29,06:57:31,24.886,39.313,1015.104,22.829,7,5,4,3
2016/05/29,06:58:31,24.856,39.313,1015.034,22.829,7,5,4,3
2016/05/29,06:59:32,24.886,39.325,1015.063,22.831,7,5,4,3
2016/05/29,07:00:32,24.866,39.313,1014.937,22.827,6,5,3,2
2016/05/29,07:01:32,24.866,39.313,1015.008,22.831,5,3,3,2
2016/05/29,07:02:33,24.886,39.313,1015.053,22.825,5,4,3,2
2016/05/29,07:03:33,24.886,39.313,1014.929,22.835,5,4,3,3
2016/05/29,07:04:33,24.886,39.325,1015.002,22.831,7,5,4,3
2016/05/29,07:05:34,24.896,39.325,1014.922,22.833,6,5,4,3
2016/05/29,07:06:34,24.886,39.325,1014.916,22.837,7,5,4,3
2016/05/29,07:07:34,24.866,39.325,1014.991,22.837,8,6,4,3
2016/05/29,07:08:35,24.866,39.325,1014.878,22.837,8,6,5,3
2016/05/29,07:09:35,24.866,39.325,1014.904,22.842,8,6,4,3
2016/05/29,07:10:35,24.886,39.313,1014.956,22.835,7,5,4,3
2016/05/29,07:11:36,24.886,39.325,1014.943,22.842,7,5,4,3
2016/05/29,07:12:36,24.866,39.325,1015.001,22.840,7,6,5,4
2016/05/29,07:13:36,24.886,39.331,1014.920,22.844,8,6,4,3
2016/05/29,07:14:37,24.886,39.325,1014.943,22.842,8,6,5,4
2016/05/29,07:15:37,24.886,39.325,1014.921,22.850,7,5,4,3
2016/05/29,07:16:37,24.886,39.325,1014.913,22.852,8,6,4,3
2016/05/29,07:17:38,24.886,39.331,1014.905,22.856,8,5,4,3
2016/05/29,07:18:38,24.896,39.325,1014.864,22.856,7,6,5,3
2016/05/29,07:19:38,24.896,39.331,1014.850,22.865,6,5,4,3
2016/05/29,07:20:39,24.896,39.331,1014.927,22.858,5,4,3,2
2016/05/29,07:21:39,24.896,39.343,1014.893,22.863,5,4,2,2
2016/05/29,07:22:39,24.886,39.331,1014.910,22.854,5,3,3,3
2016/05/29,07:23:40,24.896,39.331,1014.877,22.854,6,4,4,3
2016/05/29,07:24:40,24.916,39.331,1014.859,22.858,7,5,4,3
2016/05/29,07:25:40,24.896,39.331,1014.865,22.860,7,5,4,3
2016/05/29,07:26:41,24.896,39.331,1014.834,22.860,8,5,4,3
2016/05/29,07:27:41,24.916,39.343,1014.843,22.863,8,6,5,4
2016/05/29,07:28:41,24.926,39.331,1014.817,22.863,8,6,5,4
2016/05/29,07:29:42,24.916,39.343,1014.865,22.867,7,5,5,3
2016/05/29,07:30:42,24.896,39.343,1014.812,22.871,7,5,4,3
2016/05/29,07:31:42,24.916,39.349,1014.940,22.867,7,5,4,3
2016/05/29,07:32:43,24.926,39.343,1014.934,22.871,6,5,4,3
2016/05/29,07:33:43,24.916,39.343,1014.909,22.873,6,4,3,3
2016/05/29,07:34:43,24.896,39.343,1014.884,22.871,6,5,4,3
2016/05/29,07:35:44,24.916,39.343,1014.848,22.863,6,4,4,3
2016/05/29,07:36:44,24.916,39.343,1014.813,22.869,7,6,4,4
2016/05/29,07:37:44,24.916,39.343,1014.814,22.879,8,6,4,3
2016/05/29,07:38:45,24.916,39.343,1014.895,22.873,8,6,4,3
2016/05/29,07:39:45,24.916,39.343,1014.899,22.877,8,6,4,3
2016/05/29,07:40:45,24.916,39.343,1014.861,22.869,8,6,5,4
2016/05/29,07:41:46,24.916,39.343,1014.884,22.873,7,6,5,3
2016/05/29,07:42:46,24.896,39.343,1014.883,22.873,7,6,4,3
2016/05/29,07:43:46,24.916,39.343,1014.868,22.879,7,6,5,4
2016/05/29,07:44:47,24.916,39.343,1014.819,22.871,7,6,4,3
2016/05/29,07:45:47,24.926,39.343,1014.844,22.883,7,6,4,3
2016/05/29,07:46:47,24.916,39.343,1014.873,22.879,7,5,4,3
2016/05/29,07:47:48,24.926,39.343,1014.807,22.879,8,6,4,4
2016/05/29,07:48:48,24.916,39.331,1014.784,22.879,7,5,4,3
2016/05/29,07:49:49,24.896,39.349,1014.821,22.885,8,6,4,3
2016/05/29,07:50:49,24.916,39.349,1014.821,22.885,7,6,4,3
2016/05/29,07:51:49,24.926,39.349,1014.750,22.887,8,6,4,3
2016/05/29,07:52:49,24.926,39.349,1014.747,22.890,8,6,4,3
2016/05/29,07:53:50,24.916,39.349,1014.828,22.881,7,6,5,3
2016/05/29,07:54:50,24.916,39.343,1014.769,22.883,8,6,4,3
2016/05/29,07:55:50,24.916,39.355,1014.842,22.883,8,6,5,3
2016/05/29,07:56:51,24.926,39.349,1014.765,22.892,7,5,4,3
2016/05/29,07:57:51,24.937,39.355,1014.838,22.892,7,5,5,3
2016/05/29,07:58:51,24.937,39.368,1014.846,22.896,7,6,5,4
2016/05/29,07:59:52,24.937,39.355,1014.766,22.894,8,6,4,3
2016/05/29,08:00:52,24.937,39.355,1014.778,22.910,8,6,4,3
2016/05/29,08:01:52,24.937,39.368,1014.840,22.913,8,6,4,3
2016/05/29,08:02:53,24.926,39.355,1014.772,22.898,7,6,5,3
2016/05/29,08:03:53,24.957,39.355,1014.816,22.908,8,5,5,3
2016/05/29,08:04:54,24.937,39.355,1014.860,22.913,7,6,4,3
2016/05/29,08:05:54,24.957,39.368,1014.768,22.913,7,6,5,3
2016/05/29,08:06:54,24.957,39.368,1014.815,22.917,8,6,4,3
2016/05/29,08:07:55,24.926,39.355,1014.850,22.913,7,6,5,3
2016/05/29,08:08:55,24.967,39.368,1014.815,22.919,8,5,4,3
2016/05/29,08:09:55,24.957,39.368,1014.776,22.910,7,6,5,3
2016/05/29,08:10:56,24.937,39.368,1014.772,22.915,8,6,4,3
2016/05/29,08:11:56,24.957,39.368,1014.829,22.921,7,6,4,3
2016/05/29,08:12:56,24.967,39.374,1014.802,22.921,8,6,5,4
2016/05/29,08:13:57,24.967,39.368,1014.781,22.925,8,6,5,3
2016/05/29,08:14:57,24.957,39.368,1014.802,22.925,8,6,5,4
2016/05/29,08:15:57,24.967,39.368,1014.812,22.923,8,6,5,4
2016/05/29,08:16:58,24.957,39.368,1014.827,22.925,7,6,4,3
2016/05/29,08:17:58,24.967,39.374,1014.835,22.923,8,5,5,4
2016/05/29,08:18:58,24.967,39.374,1014.807,22.931,8,6,5,4
2016/05/29,08:19:59,24.967,39.374,1014.723,22.929,8,6,5,3
2016/05/29,08:20:59,24.967,39.374,1014.757,22.938,7,6,4,3
2016/05/29,08:21:59,24.967,39.374,1014.769,22.938,8,6,5,3
2016/05/29,08:23:00,24.967,39.374,1014.686,22.942,7,6,4,3
2016/05/29,08:24:00,24.997,39.374,1014.730,22.950,8,6,5,3
2016/05/29,08:25:00,24.997,39.392,1014.700,22.950,8,7,5,4
2016/05/29,08:26:01,24.997,39.374,1014.681,22.952,8,6,5,3
2016/05/29,08:27:01,24.997,39.392,1014.685,22.948,8,7,5,3
2016/05/29,08:28:01,24.967,39.374,1014.616,22.946,8,6,5,4
2016/05/29,08:29:02,24.967,39.392,1014.651,22.942,8,6,5,4
2016/05/29,08:30:02,24.967,39.392,1014.785,22.952,8,6,5,3
2016/05/29,08:31:02,24.997,39.392,1014.574,22.944,8,7,5,4
2016/05/29,08:32:03,25.007,39.392,1014.467,22.950,8,7,5,3
2016/05/29,08:33:03,24.997,39.392,1014.546,22.960,8,7,5,3
2016/05/29,08:34:03,25.007,39.392,1014.528,22.962,8,6,5,4
2016/05/29,08:35:04,25.007,39.398,1014.443,22.971,8,6,5,4
2016/05/29,08:36:04,25.007,39.398,1014.458,22.958,8,6,5,3
2016/05/29,08:37:04,25.007,39.404,1014.443,22.973,9,7,5,3
2016/05/29,08:38:05,25.017,39.398,1014.417,22.973,8,6,5,4
2016/05/29,08:39:05,25.007,39.404,1014.359,22.979,8,6,5,4
2016/05/29,08:40:05,25.017,39.417,1014.349,22.990,8,6,5,3
2016/05/29,08:41:06,25.017,39.417,1014.260,22.979,8,6,5,3
2016/05/29,08:42:06,25.017,39.417,1014.240,22.985,8,6,5,4
2016/05/29,08:43:06,25.037,39.398,1014.268,22.979,8,6,4,3
2016/05/29,08:44:07,25.017,39.417,1014.225,22.981,8,6,4,3
2016/05/29,08:45:07,25.017,39.417,1014.158,22.975,8,6,5,3
2016/05/29,08:46:08,25.017,39.404,1014.191,22.975,8,6,5,4
2016/05/29,08:47:08,25.037,39.404,1014.131,22.988,8,6,4,4
2016/05/29,08:48:08,25.037,39.417,1014.094,22.998,8,6,5,3
2016/05/29,08:49:09,25.017,39.417,1014.113,22.994,8,6,5,4
2016/05/29,08:50:09,25.037,39.417,1014.062,23.004,8,6,5,4
2016/05/29,08:51:09,25.047,39.417,1014.062,22.996,8,6,5,4
2016/05/29,08:52:10,25.047,39.423,1014.100,23.006,8,7,5,4
2016/05/29,08:53:10,25.047,39.435,1014.084,23.021,9,7,4,4
2016/05/29,08:54:10,25.067,39.435,1014.070,23.027,8,6,5,4
2016/05/29,08:55:11,25.047,39.423,1014.031,23.017,8,6,4,3
2016/05/29,08:56:11,25.067,39.423,1013.967,23.017,8,7,5,4
2016/05/29,08:57:11,25.078,39.435,1013.967,23.031,8,6,5,3
2016/05/29,08:58:12,25.067,39.435,1013.929,23.029,9,7,5,4
2016/05/29,08:59:12,25.067,39.435,1013.927,23.021,8,6,5,4
2016/05/29,09:00:12,25.067,39.441,1013.859,23.029,9,7,5,4
2016/05/29,09:01:13,25.067,39.435,1013.916,23.033,9,7,5,4
2016/05/29,09:02:13,25.078,39.441,1013.853,23.042,8,7,5,4
2016/05/29,09:03:13,25.078,39.441,1013.995,23.044,8,7,5,4
2016/05/29,09:04:14,25.078,39.441,1014.088,23.048,9,6,5,4
2016/05/29,09:05:14,25.088,39.441,1014.005,23.054,8,7,5,3
2016/05/29,09:06:14,25.088,39.447,1013.988,23.052,8,7,5,3
2016/05/29,09:07:15,25.088,39.447,1014.000,23.069,9,7,6,4
2016/05/29,09:08:15,25.108,39.447,1013.995,23.069,9,7,6,4
2016/05/29,09:09:15,25.108,39.459,1014.004,23.073,9,7,6,4
2016/05/29,09:10:16,25.108,39.459,1014.057,23.075,9,7,5,4
2016/05/29,09:11:16,25.108,39.459,1014.030,23.067,10,8,6,4
2016/05/29,09:12:16,25.088,39.459,1014.032,23.071,9,7,6,4
2016/05/29,09:13:17,25.108,39.459,1014.008,23.083,9,7,5,4
2016/05/29,09:14:17,25.088,39.459,1014.036,23.083,9,7,6,4
2016/05/29,09:15:17,25.108,39.459,1014.052,23.079,9,7,6,4
2016/05/29,09:16:18,25.108,39.465,1014.106,23.083,10,8,6,4
2016/05/29,09:17:18,25.108,39.465,1014.068,23.094,9,7,5,4
2016/05/29,09:18:18,25.118,39.465,1014.089,23.096,10,8,6,4
2016/05/29,09:19:19,25.138,39.478,1014.055,23.108,9,7,5,4
2016/05/29,09:20:19,25.138,39.478,1013.977,23.108,9,8,6,4
2016/05/29,09:21:19,25.138,39.484,1014.094,23.117,9,8,6,4
2016/05/29,09:22:20,25.138,39.478,1014.112,23.113,9,8,6,4
2016/05/29,09:23:20,25.148,39.484,1013.948,23.110,10,7,6,4
2016/05/29,09:24:20,25.148,39.496,1014.083,23.127,10,8,6,4
2016/05/29,09:25:21,25.148,39.484,1014.099,23.119,10,8,6,4
2016/05/29,09:26:21,25.148,39.484,1014.055,23.121,11,8,6,4
2016/05/29,09:27:21,25.168,39.496,1014.092,23.142,12,9,6,5
2016/05/29,09:28:22,25.168,39.496,1014.117,23.148,11,9,6,5
2016/05/29,09:29:22,25.188,39.496,1014.087,23.150,11,8,7,5
2016/05/29,09:30:22,25.188,39.508,1014.104,23.165,10,7,6,4
2016/05/29,09:31:23,25.188,39.514,1014.150,23.169,9,7,5,3
2016/05/29,09:32:23,25.188,39.508,1014.030,23.175,13,10,7,5
2016/05/29,09:33:23,25.219,39.526,1014.084,23.188,12,10,7,5
2016/05/29,09:34:24,25.198,39.526,1014.163,23.190,13,10,7,5
2016/05/29,09:35:24,25.219,39.526,1014.077,23.194,12,10,7,5
2016/05/29,09:36:24,25.219,39.526,1014.161,23.198,14,10,8,6
2016/05/29,09:37:25,25.219,39.532,1014.118,23.208,13,9,7,5
2016/05/29,09:38:25,25.229,39.532,1014.089,23.208,14,11,8,6
2016/05/29,09:39:25,25.229,39.532,1014.184,23.221,15,12,9,6
2016/05/29,09:40:26,25.239,39.532,1014.152,23.217,15,12,9,6
2016/05/29,09:41:26,25.239,39.539,1014.161,23.225,16,12,9,7
2016/05/29,09:42:27,25.259,39.539,1014.090,23.238,16,12,9,7
2016/05/29,09:43:27,25.239,39.551,1014.093,23.242,13,11,8,5
2016/05/29,09:44:27,25.269,39.539,1014.096,23.258,12,10,8,5
2016/05/29,09:45:28,25.269,39.557,1014.191,23.267,15,11,8,6
2016/05/29,09:46:28,25.269,39.569,1014.154,23.273,14,11,8,6
2016/05/29,09:47:28,25.269,39.557,1014.149,23.273,16,12,9,7
2016/05/29,09:48:29,25.289,39.569,1014.139,23.279,15,11,8,6
2016/05/29,09:49:29,25.289,39.557,1014.165,23.290,16,13,9,7
2016/05/29,09:50:29,25.299,39.575,1014.241,23.300,15,12,9,7
2016/05/29,09:51:30,25.299,39.569,1014.157,23.312,17,12,9,7
2016/05/29,09:52:30,25.319,39.575,1014.246,23.312,17,13,10,7
2016/05/29,09:53:30,25.319,39.594,1014.220,23.323,17,13,9,7
2016/05/29,09:54:31,25.329,39.594,1014.211,23.344,16,12,9,6
2016/05/29,09:55:31,25.339,39.600,1014.232,23.354,17,13,10,7
2016/05/29,09:56:31,25.339,39.594,1014.313,23.363,14,10,7,6
2016/05/29,09:57:32,25.339,39.600,1014.351,23.369,17,14,10,8
2016/05/29,09:58:32,25.339,39.618,1014.371,23.371,16,12,9,7
2016/05/29,09:59:32,25.380,39.618,1014.359,23.379,15,12,9,7
2016/05/29,10:00:33,25.370,39.624,1014.502,23.390,17,13,10,7
2016/05/29,10:01:33,25.370,39.624,1014.479,23.402,18,14,10,8
2016/05/29,10:02:33,25.390,39.630,1014.456,23.410,15,11,9,6
2016/05/29,10:03:34,25.390,39.630,1014.361,23.408,17,13,9,7
2016/05/29,10:04:34,25.390,39.630,1014.433,23.423,18,14,10,8
2016/05/29,10:05:35,25.410,39.648,1014.294,23.433,18,13,10,7
2016/05/29,10:06:35,25.420,39.648,1014.287,23.442,17,13,10,7
2016/05/29,10:07:35,25.420,39.661,1014.260,23.450,18,13,10,7
2016/05/29,10:08:36,25.440,39.648,1014.293,23.450,18,13,10,7
2016/05/29,10:09:36,25.440,39.667,1014.227,23.467,13,10,8,5
2016/05/29,10:10:36,25.450,39.661,1014.280,23.469,18,14,10,7
2016/05/29,10:11:37,25.440,39.667,1014.271,23.477,19,14,10,8
2016/05/29,10:12:37,25.450,39.667,1014.210,23.485,19,14,10,7
2016/05/29,10:13:37,25.470,39.679,1014.312,23.492,18,14,11,7
2016/05/29,10:14:38,25.470,39.679,1014.264,23.504,19,14,10,7
2016/05/29,10:15:38,25.480,39.685,1014.174,23.506,18,15,11,7
2016/05/29,10:16:38,25.480,39.685,1014.199,23.517,16,12,9,6
2016/05/29,10:17:39,25.480,39.685,1014.109,23.512,16,12,9,7
2016/05/29,10:18:39,25.490,39.685,1014.117,23.517,19,14,10,7
2016/05/29,10:19:39,25.480,39.691,1014.151,23.529,18,14,11,8
2016/05/29,10:20:40,25.511,39.703,1014.007,23.533,18,14,10,7
2016/05/29,10:21:40,25.511,39.709,1014.038,23.544,15,11,8,6
2016/05/29,10:22:40,25.511,39.703,1013.916,23.550,17,13,9,7
2016/05/29,10:23:41,25.511,39.703,1014.110,23.550,17,13,9,7
2016/05/29,10:24:41,25.511,39.709,1014.097,23.554,18,14,10,8
2016/05/29,10:25:41,25.521,39.722,1014.010,23.565,18,14,10,7
2016/05/29,10:26:42,25.541,39.722,1014.019,23.575,17,13,10,7
2016/05/29,10:27:42,25.521,39.722,1014.013,23.581,18,13,10,7
2016/05/29,10:28:42,25.561,39.722,1013.924,23.585,18,13,10,7
2016/05/29,10:29:43,25.561,39.734,1013.923,23.594,18,14,11,8
2016/05/29,10:30:43,25.541,39.734,1013.965,23.596,18,13,10,7
2016/05/29,10:31:43,25.561,39.734,1013.881,23.590,18,14,10,7
2016/05/29,10:32:44,25.571,39.740,1013.918,23.604,18,14,10,7
2016/05/29,10:33:44,25.571,39.740,1013.885,23.615,19,14,11,7
2016/05/29,10:34:44,25.571,39.740,1013.896,23.608,19,14,11,8
2016/05/29,10:35:45,25.591,39.752,1013.853,23.619,19,14,11,8
2016/05/29,10:36:45,25.601,39.752,1013.825,23.627,16,12,9,6
2016/05/29,10:37:45,25.601,39.752,1013.799,23.633,14,10,7,6
2016/05/29,10:38:46,25.591,39.758,1013.841,23.640,12,9,7,4
2016/05/29,10:39:46,25.571,39.752,1013.719,23.637,14,10,8,5
2016/05/29,10:40:46,25.591,39.752,1013.731,23.648,18,13,10,7
2016/05/29,10:41:47,25.601,39.758,1013.830,23.650,20,15,11,8
2016/05/29,10:42:47,25.621,39.771,1013.729,23.654,19,14,11,8
2016/05/29,10:43:47,25.621,39.771,1013.731,23.658,19,15,11,8
2016/05/29,10:44:48,25.621,39.771,1013.819,23.656,19,15,11,8
2016/05/29,10:45:48,25.631,39.771,1013.791,23.665,16,13,10,7
2016/05/29,10:46:48,25.631,39.771,1013.731,23.671,18,14,10,7
2016/05/29,10:47:49,25.631,39.783,1013.699,23.677,19,14,11,7
2016/05/29,10:48:49,25.631,39.777,1013.738,23.681,19,14,11,7
2016/05/29,10:49:49,25.641,39.783,1013.713,23.685,19,15,11,8
2016/05/29,10:50:50,25.641,39.783,1013.715,23.698,19,15,10,8
2016/05/29,10:51:50,25.662,39.783,1013.696,23.702,19,15,11,8
2016/05/29,10:52:50,25.662,39.783,1013.880,23.706,19,14,11,8
2016/05/29,10:53:51,25.641,39.795,1013.684,23.708,19,15,11,8
2016/05/29,10:54:51,25.662,39.801,1013.683,23.712,19,15,11,8
2016/05/29,10:55:51,25.672,39.801,1013.620,23.719,20,15,11,8
2016/05/29,10:56:52,25.672,39.801,1013.663,23.725,18,14,10,7
2016/05/29,10:57:52,25.672,39.801,1013.663,23.725,20,15,11,8
2016/05/29,10:58:52,25.672,39.813,1013.696,23.735,20,16,11,8
2016/05/29,10:59:53,25.692,39.813,1013.554,23.735,20,15,11,8
2016/05/29,11:00:53,25.672,39.801,1013.570,23.738,19,14,11,8
2016/05/29,11:01:53,25.692,39.813,1013.593,23.746,18,15,11,7
2016/05/29,11:02:54,25.692,39.819,1013.552,23.748,18,14,10,7
2016/05/29,11:03:54,25.702,39.819,1013.621,23.756,22,16,12,9
2016/05/29,11:04:54,25.702,39.819,1013.575,23.771,21,17,12,8
2016/05/29,11:05:55,25.712,39.825,1013.591,23.773,23,17,12,9
2016/05/29,11:06:55,25.742,39.844,1013.568,23.783,22,18,13,9
2016/05/29,11:07:56,25.742,39.844,1013.567,23.788,19,14,10,7
2016/05/29,11:08:56,25.742,39.844,1013.660,23.794,13,11,8,6
2016/05/29,11:09:56,25.752,39.856,1013.706,23.804,14,10,7,6
2016/05/29,11:10:57,25.752,39.850,1013.780,23.810,12,9,7,5
2016/05/29,11:11:57,25.762,39.850,1013.802,23.815,23,17,13,9
2016/05/29,11:12:57,25.752,39.856,1013.792,23.815,17,13,10,6
2016/05/29,11:13:58,25.752,39.856,1013.765,23.825,14,11,8,5
2016/05/29,11:14:58,25.752,39.856,1013.782,23.825,19,14,11,8
2016/05/29,11:15:58,25.762,39.856,1013.833,23.829,20,15,12,9
2016/05/29,11:16:59,25.782,39.868,1013.833,23.833,20,16,11,8
2016/05/29,11:17:59,25.793,39.874,1013.871,23.848,20,16,12,9
2016/05/29,11:18:59,25.793,39.874,1013.863,23.856,21,17,11,9
2016/05/29,11:20:00,25.793,39.886,1013.831,23.858,21,16,12,9
2016/05/29,11:21:00,25.813,39.874,1013.769,23.869,20,16,12,9
2016/05/29,11:22:00,25.793,39.886,1013.781,23.869,18,14,11,8
2016/05/29,11:23:01,25.813,39.886,1013.786,23.871,19,15,11,7
2016/05/29,11:24:01,25.823,39.886,1013.766,23.885,20,16,12,8
2016/05/29,11:25:01,25.823,39.893,1013.711,23.898,22,17,12,8
2016/05/29,11:26:02,25.823,39.905,1013.739,23.900,18,14,10,7
2016/05/29,11:27:02,25.823,39.886,1013.634,23.890,17,14,9,7
2016/05/29,11:28:02,25.843,39.893,1013.597,23.900,20,15,11,9
2016/05/29,11:29:03,25.843,39.905,1013.655,23.913,17,13,9,7
2016/05/29,11:30:03,25.853,39.905,1013.609,23.908,18,14,10,8
2016/05/29,11:31:03,25.843,39.905,1013.634,23.910,22,16,12,9
2016/05/29,11:32:04,25.853,39.911,1013.588,23.919,22,16,12,9
2016/05/29,11:33:04,25.863,39.917,1013.585,23.925,22,16,13,8
2016/05/29,11:34:04,25.863,39.929,1013.587,23.940,22,16,12,9
2016/05/29,11:35:05,25.883,39.917,1013.546,23.940,21,16,11,9
2016/05/29,11:36:05,25.883,39.929,1013.604,23.946,20,16,12,8
2016/05/29,11:37:05,25.883,39.929,1013.632,23.958,19,15,11,8
2016/05/29,11:38:06,25.883,39.929,1013.550,23.960,20,15,11,8
2016/05/29,11:39:06,25.893,39.935,1013.598,23.962,20,15,11,8
2016/05/29,11:40:06,25.893,39.935,1013.679,23.967,20,16,11,8
2016/05/29,11:41:07,25.913,39.935,1013.523,23.965,21,16,12,8
2016/05/29,11:42:07,25.913,39.948,1013.557,23.971,21,16,12,8
2016/05/29,11:43:07,25.893,39.935,1013.558,23.971,21,16,12,9
2016/05/29,11:44:08,25.913,39.948,1013.525,23.985,21,16,12,8
2016/05/29,11:45:08,25.934,39.948,1013.490,23.992,21,16,12,8
2016/05/29,11:46:08,25.913,39.960,1013.511,23.990,19,15,11,8
2016/05/29,11:47:09,25.934,39.960,1013.524,23.994,19,14,11,7
2016/05/29,11:48:09,25.934,39.966,1013.499,24.000,20,16,12,8
2016/05/29,11:49:09,25.944,39.960,1013.527,24.002,20,16,11,8
2016/05/29,11:50:10,25.944,39.966,1013.512,24.010,20,15,12,9
2016/05/29,11:51:10,25.964,39.966,1013.547,24.021,21,16,12,8
2016/05/29,11:52:11,25.944,39.978,1013.542,24.021,21,16,12,8
2016/05/29,11:53:11,25.964,39.978,1013.478,24.035,20,16,11,8
2016/05/29,11:54:11,25.974,39.978,1013.401,24.033,20,15,12,9
2016/05/29,11:55:12,25.964,39.978,1013.416,24.042,20,15,12,9
2016/05/29,11:56:12,25.974,39.978,1013.459,24.040,21,16,11,8
2016/05/29,11:57:12,25.974,39.996,1013.424,24.050,21,16,11,9
2016/05/29,11:58:13,25.994,39.984,1013.347,24.052,22,16,12,8
2016/05/29,11:59:13,25.994,39.996,1013.385,24.056,22,17,12,8
2016/05/29,12:00:13,25.994,39.996,1013.364,24.067,21,16,12,8
2016/05/29,12:01:14,25.994,39.996,1013.344,24.073,23,18,13,10
2016/05/29,12:02:14,26.004,40.002,1013.339,24.079,23,17,13,9
2016/05/29,12:03:14,26.004,40.002,1013.291,24.085,23,18,13,9
2016/05/29,12:04:15,26.004,40.002,1013.278,24.083,23,17,13,9
2016/05/29,12:05:15,26.014,40.002,1013.182,24.090,19,15,11,8
2016/05/29,12:06:15,26.004,40.009,1013.208,24.092,20,15,11,8
2016/05/29,12:07:16,26.014,40.009,1013.188,24.096,20,16,12,8
2016/05/29,12:08:16,26.014,40.009,1013.044,24.106,21,16,12,8
2016/05/29,12:09:16,26.014,40.009,1013.041,24.102,20,15,11,8
2016/05/29,12:10:17,26.014,40.009,1013.018,24.100,21,15,12,8
2016/05/29,12:11:17,26.014,40.009,1013.071,24.115,21,16,12,9
2016/05/29,12:12:17,26.034,40.021,1013.097,24.117,21,17,11,9
2016/05/29,12:13:18,26.034,40.021,1013.027,24.117,22,16,12,9
2016/05/29,12:14:18,26.034,40.009,1013.050,24.117,22,17,12,9
2016/05/29,12:15:18,26.034,40.021,1013.040,24.121,22,17,12,9
2016/05/29,12:16:19,26.044,40.027,1012.958,24.125,23,18,13,9
2016/05/29,12:17:19,26.044,40.021,1012.990,24.123,22,18,13,10
2016/05/29,12:18:19,26.044,40.021,1013.034,24.137,15,12,9,6
2016/05/29,12:19:20,26.064,40.027,1013.075,24.142,13,11,8,5
2016/05/29,12:20:20,26.044,40.027,1013.013,24.131,17,13,10,7
2016/05/29,12:21:20,26.034,40.027,1013.039,24.129,19,15,11,8
2016/05/29,12:22:21,26.044,40.027,1013.102,24.135,16,13,10,7
2016/05/29,12:23:21,26.064,40.027,1013.008,24.144,26,20,14,11
2016/05/29,12:24:21,26.064,40.039,1012.984,24.156,24,19,13,10
2016/05/29,12:25:22,26.075,40.045,1012.916,24.158,30,23,17,12
2016/05/29,12:26:22,26.064,40.045,1012.876,24.160,23,18,13,10
2016/05/29,12:27:22,26.075,40.045,1012.822,24.163,19,15,11,8
2016/05/29,12:28:23,26.075,40.045,1012.956,24.167,25,19,14,10
2016/05/29,12:29:23,26.095,40.057,1012.842,24.179,30,22,16,13
2016/05/29,12:30:23,26.095,40.057,1012.812,24.190,18,14,10,8
2016/05/29,12:31:24,26.115,40.070,1012.773,24.200,18,15,10,8
2016/05/29,12:32:24,26.125,40.076,1012.722,24.202,16,12,9,6
2016/05/29,12:33:24,26.145,40.088,1012.855,24.210,19,14,11,8
2016/05/29,12:34:25,26.155,40.094,1012.698,24.227,18,13,11,7
2016/05/29,12:35:25,26.165,40.094,1012.664,24.244,21,17,12,9
2016/05/29,12:36:25,26.165,40.094,1012.735,24.252,30,22,17,12
2016/05/29,12:37:26,26.165,40.094,1012.741,24.250,27,21,15,11
2016/05/29,12:38:26,26.185,40.100,1012.782,24.254,53,58,40,17
2016/05/29,12:39:26,26.165,40.112,1012.654,24.279,41,44,28,10
2016/05/29,12:40:27,26.185,40.112,1012.771,24.285,46,48,30,13
2016/05/29,12:41:27,26.195,40.118,1012.678,24.292,55,58,36,15
2016/05/29,12:42:27,26.216,40.131,1012.637,24.302,44,47,32,13
2016/05/29,12:43:28,26.226,40.137,1012.622,24.315,42,49,29,10
2016/05/29,12:44:28,26.236,40.143,1012.715,24.327,43,47,29,11
2016/05/29,12:45:28,26.236,40.143,1012.579,24.333,42,50,33,11
2016/05/29,12:46:29,26.256,40.155,1012.572,24.352,50,56,40,16
